url,label
http://www.thegoldenwork.com,1
https://idolink.com/renerdigital?gclid=eaiaiqobchmi-zv4w7_g-wivlobcch0xigtheaayasaaegkqefd_bwe,1
https://www.unitedstage.se,0
https://espaces-paiements-amendes.fr/,1
https://www.humanistisksamfund.dk,0
https://www.montroserestoration.noaa.gov,0
http://www.tych.pe,1
https://ahjour.webwave.dev/,1
https://www.unibrain.com,0
https://aoljl-live.weeblysite.com/,1
https://www.scottmarshall.co.uk,0
https://cvbnmmkfg.weebly.com/,1
https://www.gbl.co.il,0
https://www.asvalabs.com,0
http://bf-cop.nnodes.cl/,1
http://www.idoctorcloud.com,1
http://www.raknten-caob.awcfner.cn/,1
http://www.yacaqqg.com/jp,1
https://www.parksidefcu.com,0
http://www.sema.linuxsofta.com,1
https://www.swapsociety.co,0
https://www.motorpasion.com,0
https://www.rivistaetnie.com,0
https://mail-109087.weeblysite.com/,1
https://vallettaferryservices.com/wp-content/plugins/secure/credit-agricole/particulier-crca-national/acceder-a-mes-comptes.html/index.html,1
https://www.deluxeware.com,0
https://www.radhasoamimatrimonial.com,0
https://www.droidafrica.net,0
https://www.graphviz.org,0
https://www.live-education.com,0
https://qopaiy.web.app/,1
https://www.holycross-catford.org.uk,0
https://www.almadasupplements.com,0
https://whimsical-plain-diplodocus.glitch.me/1jean-lova5.shtml,1
https://www.leadershipcanada.ca,0
http://www.adm-serv.com,1
https://flat-smoke-00a7.redwkshf.workers.dev/,1
https://www.digbycourier.ca,0
https://emeryth.drzweieckia.pl/aiigro/,1
http://www.dolopo.net,1
https://comp-chasear.qe20624.workers.dev/,1
http://www.lpm.fk.ub.ac.id,1
https://plaza.ventures/wp-bin/point/,1
https://www.lineblog.me,0
https://aol-107270.weeblysite.com/,1
https://vision2mission.de/bx/,1
https://sb21-tu1x.firebaseapp.com/,1
https://www.pat.be,0
https://www.sigecom.org,0
https://findomestic.13-49-125-85.cprapid.com/,1
https://newplanet.biz/stcu,1
https://www.breezeline.com,0
http://www.colemank.cf,1
https://www.thedesertreview.com,0
http://raydilum.org,1
https://www.swiss-as.com,0
https://paket-delivery.de/,1
https://www.xappie.com,0
https://jposdvu.com/,1
http://lusyex.top/uber1,1
https://www.iamfirebrand.com,0
https://bbbbtttttiiiinnntttrreeneettt.godaddysites.com/,1
https://www.glasgow-airport-guide.co.uk,0
https://www.bytelevel.com,0
https://www.tsb-smarthome.com,0
http://www.bendcollegeadvisor.com,1
https://www.areceitaria.com.br,0
https://dreiasp-pfiaork-dynuehn.yolasite.com/,1
http://www.22.su,1
http://www.fhc.fbcode.co,1
http://www.delicatepunch.com,1
https://cabinet-u8ma-lawx.o7kydid94048.workers.dev/,1
https://www.elevateprize.org,0
http://www.https.zet-tech.eu,1
https://www.suburbanpropane.com,0
https://www.anthonyburgess.org,0
https://www.oxfordshiremind.org.uk,0
https://www.prestige-security.co.za,0
https://www.babystore.ae,0
https://www.songbirdie.com,0
http://www.jfn.firefoxupdata.com,1
https://www.meganauman.com,0
https://www.ocamping.fr,0
https://www.pureflawlessboutique.com,0
https://hiugb8zcd.web.app/,1
https://www.schachbund.de,0
http://www.bak.un.dnsrd.com,1
http://www.amaliagris.com,1
https://www.surfindia.com,0
https://www.cultureready.org,0
http://www.ip.webmasterhome.cn,1
https://meta-business-appeal-15-529100.web.app/,1
https://olnlxggxi.granorbotrola.ml/?tranzakt59146&selectedbank=2,1
https://www.ajjacobs.com,0
https://www.malaysia-today.net,0
https://www.publishsa.co.za,0
http://www.al-taleanewsonline.net,1
https://wordpress-119086-0.cloudclusters.net/wp-content/uploads/2023/04/03/sa8/111/,1
https://www.facter.io,0
https://bafybeifzzxy3fghzp37g7tm32ouchd55vdpcr4jiclifdc2o5yxk2hv5de.ipfs.w3s.link/alishanawza_owa33773.html,1
https://siasky.net/padby7tx9fh5kexet6bn1nfdcnwu0vxm8dzuymjnfchvsq,1
http://www.monitrade.net,1
https://www.at-creative.co.uk,0
https://www.tatasteelthailand.com,0
https://www.anneleonard.com,0
https://www.natsume.co.jp,0
https://b1.com.my/wp-includes/pomo/mode/fbm/,1
https://bafybeiangb3bnzrecoj3kb6m3e2ohssnwh6ydhpcu6fvrgy6cazj64zwtu.ipfs.w3s.link/,1
http://www.huangjia.net.cn,1
https://www.pngmagic.com,0
https://jgiubyov.godaddysites.com/,1
https://cloudflare-ipfs.com/ipfs/bafybeibcsbhbvmcxyafwnfdhbxctmg53mt22q5i7wjtxuypf7mm6m36urq//ddoonnhu.html,1
https://aliaodi.semlmn.ru,1
https://fleek.ipfs.io/ipfs/qmxdd7rtz4vcsuammh3z7fa1ybkup9ogrwolqvrp4nmks7/?aaaa@example.jp,1
https://cloudflare-ipfs.com/ipfs/bafybeiahm77qcsgl5bk7vijfmflot4j5lblxm3w2kjc7olfnmvpxhuytde,1
http://www.mindhak.com,1
https://macrisetech.com/uniexpaaa/iaccessupdate/%20,1
https://cloudflare-ipfs.com/ipfs/qmwcmh6jufeqixel8tpbtsv5qbjwhamqhpwawu3gndubfu/,1
http://www.najsnjdndjdjdjsnsnsnndnd.link,1
https://www.truedungeon.com,0
http://www.jumpingphones.com,1
https://www.bombingscience.com,0
https://www.pusanweb.com,0
http://www.ftp.malware.dsmtp.com,1
https://hdfjjdh-6fc8a.web.app/,1
https://www.smartparks.org,0
http://www.youandmegb136.shop,1
http://www.f0542299.xsph.ru,1
https://www.brandmetrics.com,0
https://www.sequentix.de,0
http://www.211121.top,1
http://www.v5f4d8b8bb1e6037aa8f78c5cdb58f2037.ws,1
https://www.westwindsornj.org,0
https://www.helium10.com,0
https://www.kolbapps.com,0
https://derickcarvalho.github.io/loginpage-netflix,1
http://www.ravenlewis.com,1
https://www.thennowmovielocations.com,0
https://v.ht/cjxak?home-facebook-confirmation,1
https://www.gamba-osaka.net,0
https://att-mail-103950.square.site/,1
http://naveenravi07.github.io/facebook-old-demo-website,1
http://bet810.net/wp-admin,1
https://chkgenra.firebaseapp.com/,1
https://aol-106787.weeblysite.com/,1
https://servizio-cliente-web.66-29-142-225.cprapid.com,1
https://www.gta5-mods.com,0
https://tullyscanweb.com/1drive.ms,1
https://www.designhome.ae,0
https://www.thetimes03jan2009.com,0
https://www.templatetoaster.com,0
http://www.ftp.windowsupdate.gettrials.com,1
http://www.sosacres.com,1
https://www.thebostoncalendar.com,0
https://www.rvkayakracks.com,0
https://www.badepralineontour.de,0
https://segur1ebisaa.bisaepluss00.repl.co/des/index.php,1
http://www.http.devphp.org.ua,1
https://www.alexandreanissa.com,0
https://www.lostlanguage.com,0
https://yuniun.com.cn/jp,1
https://kiwi-7veg-2rhx.kbd6n7sm3714.workers.dev/,1
http://www.lainiotisllc.com,1
https://www.mediacom-studio.net,0
https://www.redeyedtreefrog.org,0
https://www.ecodeco.biz,0
https://www.acurax.com,0
https://migrationlaws.fartit.com/,1
http://www.business4good.eu,1
https://www.tele.soumu.go.jp,0
https://www.judgejudy.com,0
http://www.fanfantxt.com,1
http://www.aasd.xyz,1
http://www.amyu.org,1
http://www.asacal.com,1
https://canny3483-ollox-pln.hinge.cfd/?tranzakt1680452352828#product,1
https://www.fullmind.de,0
http://www.4chan-tube.on.nimp.org,1
https://www.frj.jp,0
https://www.melvinkonner.com,0
https://www.integrativemedicine.arizona.edu,0
https://www.yodobashi-co.link/jp.php,1
https://cebjiankb12.web.app/,1
https://www.neptune-software.com,0
https://www.jyi.org,0
http://agoda666.com,1
https://www.270towin.com,0
http://www.htmta-iranmmmm.ml,1
https://www.musiccouncil.org,0
https://www.ksfr.org,0
https://www.um.ac.ir,0
https://www.namm.org,0
https://fbmetaid-cy4bw8i.web.app/,1
http://www.rednetmarketing.com,1
https://dev-bi-enlinea0707.pantheonsite.io/,1
https://www.tanit.co,0
http://www.thorcoproject-com.ga,1
https://adeptguiltyblocks--ficosech.repl.co/home.php,1
https://www.catanshop.de,0
https://www.bzfe.de,0
https://www.mayzia.com,0
https://www.comediedeschampselysees.com,0
https://outlook-872gyuf8.web.app/,1
http://www.katesbotanicals.com,1
https://www.totalhomecenters.com,0
https://1e7d9d0a-42c5-4f1b-8565-60011f15534d.id.repl.co/,1
https://certificate.dokument.35-158-186-246.cprapid.com/id/finlogin.php,1
http://ce18835.tw1.ru/httpdocs/login/ologin.php,1
https://maildinshaakckjnw23.firebaseapp.com/,1
https://amazon-3edfsdfdsfs.serveusers.com/,1
https://fb-restriction-case-fde7c.web.app/,1
https://albasoft.euroventil.de/dev,1
https://www.tuflow.com,0
https://dev-proqontoweb.pantheonsite.io/appauth/78175/,1
https://templeaudiotour.cdigproductions.com/wp-admin,1
https://www.houseoflochar.com,0
https://mooltay.com/100d8289a8a5f3be800/wk__b96a603d0bp9833480952/yl0p4%7cm21unjj=%7chw80z%7cwwwwx%7c27085ha%7c49663%7czzzyrg0r5p%7cy%7cm21unjj=%7cpc%7c12rbkkf/p3yfp2uipad2zmx1mtsvamixmqwwk3mfk3qymjg2os8jpqd0,1
https://att11111111iiiiiii.weeblysite.com/,1
https://paymentsg.top/,1
https://www.pastemagazine.com,0
https://juriskiana2.firebaseapp.com/,1
https://www-info-epos.huichunsun.com/jp.php,1
http://www.kueronekayacotn-co-jp.kueronekayacotn.olvcdy.top/ai/,1
https://www.manpower.com.ng,0
http://cri2ka3.hyperphp.com/,1
http://43.159.32.185/v3/signin/identifier?dsh=s-301073719:1680696029383551&amp;followup=https://accounts.google.com/?&amp;ifkv=aqmjq7ryf64sfv0umaj2tacfm-0yuwgw184rtjj0fjkwpz5acfohqe09c3ejkqwrmb1gyr8fa6rgmq&amp;passive=1209600&amp;xrealip=107.178.238.34&amp;continue=https://accounts.google.com/?&amp;xrealip=34.198.46.118&amp;flowname=weblitesignin&amp;flowentry=servicelogin&amp;ifkv=aqmjq7svo_ergjmcnnfzayasdufe7xu_wzj3wdafgrhbhpevaofvluchte3kcif_4l8ebzpfdktteg,1
https://www.accipiterradar.com,0
https://www.vietnamplus.vn,0
http://www.tenderheartfoundation.org,1
https://www.juf.org,0
https://www.lib.ru.ac.th,0
https://scz3dfgea.firebaseapp.com/,1
http://www.caddyhk.com,1
http://www.u.coka.la,1
http://www.saiconsard.co.jp.nlytoc.top/ai/sign.php,1
https://mufg-ao.icu,1
https://www.frecuencialatina.com.pe,0
https://www.mndiscoverycenter.com,0
https://www.gov.nu.ca,0
https://www.unitbv.ro,0
https://www.fcf.cat,0
https://www.reviewboard.org,0
https://a13c909610-c45b-11ed-96b6-fd31cd80905cpersonas.transaccional2.repl.co/?jj,1
https://www.clipart.com,0
https://colegionoescolarizadojavierprado.edu.pe/,1
https://v.ht/d1k9g?home-facebook-confirmation,1
http://www.medicinaesteticaorlandini.it,1
https://www.prensa-latina.cu,0
https://www.wne.uw.edu.pl,0
https://www.rudyprojectna.com,0
http://www.gangsterrural.top,1
https://www.roofdog.ca,0
https://att-108565.weeblysite.com/,1
https://www.commercebank.com,0
https://www.healingresonance4.me,0
https://microsoft-office365t.myportfolio.com/,1
https://www.datarepublic.com,0
https://www.wvvvwcajapiura.com/,1
https://www.riftherald.com,0
https://mjca-renf.web.app/,1
https://www.upstream.exchange,0
http://www.mimundoredes.com/wp-admin,1
https://www.gastroworld.ca,0
http://www.aouynopj.ga,1
https://trmouv.fr/js/a/porcel.php/porce_files/porce_files/porce_files/porce_files/porce_files/porce_files/porce_files/porce_files/porce_files?__r=2.f32572f2898306bba9c42dfacd416936,1
https://www.og.verifyyahoomail.com/login.php?https://login.yahoo.com/?.src=ym&.intl=us&.lang=en-us,1
https://www.cm-ribeiragrande.pt,0
https://www.di.uoa.gr,0
https://www.photojpn.org,0
https://www.levi.jp,0
http://www.saiconcard.co.jp.butcgf.top/ai/sign.php,1
https://d2333636-b3ad-47d5-80df-9abccf202410.id.repl.co/,1
https://www.proyectomirador.org,0
http://www.f0594287.xsph.ru,1
https://www.indiegamemag.com,0
https://my-ref-canada-2023.40-86-124-252.cprapid.com/ref/,1
https://www.careers360.com,0
https://www.irishcob.cz,0
https://www.chemikinternational.com,0
http://www.basaa.sportsnewsa.net,1
http://cn02071.tw1.ru/credit-agricole/,1
https://www.livingdirect.com,0
https://www.clubempleadosbancoitau.com.uy,1
http://www.windowsappstore.net,1
https://www.icethetics.co,0
https://www.projetoderedes.com.br,0
https://www.livingstone.art,0
https://www.pharmatimes.com,0
https://projet2035074veri.firebaseapp.com/,1
http://www.usthb-dz.org,1
https://www.crowdandcloud.org,0
https://pub-e0c36c831c484af1b1c7e3e8ccf4ecf1.r2.dev/tomo.html,1
http://www.ftp.msg.ezua.com,1
https://www.wealthyaffiliate.com,0
https://billowing-math-9294.kosaci4411.workers.dev/,1
https://definitefloweryprocedurallanguage.rommesi.repl.co/,1
https://www.keet.org,0
https://fatura-renner-r.blogspot.com/?gclid=eaiaiqobchmiv4y87otk_qivo45bch2vewsveaayasaaegl-svd_bwe,1
https://www.legislation.sa.gov.au,0
https://www.nimsme.org,0
https://www.womenspeacecollection.com,0
https://www.waxdj.com,0
https://uniquedesign.ma/?gclid=cjwkcajw5pshbhb_eiwavmnnv7ccobbqen4divjypthht_ifp8jjnqkd2ykhnc6t-op4j93dn43dchockfgqavd_bwe,1
http://www.advertapp.me,1
https://www.americangangster.net,0
https://www.etc.se,0
https://www.overstraatnamen.nl,0
http://accounts-google-com.google.research.skyfencenet.com/,1
https://www.gulmoharlane.com,0
http://www.foreignresident.com,1
https://www.londonsairambulance.org.uk,0
https://pobrxonnec.firebaseapp.com/,1
http://www.opensea.org.kz/,1
http://www.wingritydet.com,1
https://www.ard-zdf-onlinestudie.de,0
https://www.poland2012.net,0
https://www.thehoteltrotter.com,0
https://www.mal7othify.com,0
http://www.ttsq98.com,1
http://www.keeblerr.cf,1
https://www.ias.edu,0
https://www.redd.love,0
https://maildinshaakckjnw451.firebaseapp.com/,1
https://www.wagner-tuba.com,0
https://aol-104950.weeblysite.com/,1
https://www.tour2india4health.com,0
http://www.dabmix.com,1
https://www.powertransformernews.com,0
https://www.bouhan.com,0
https://www.chitpavanagashepariwar.org.in,0
http://www.simbacatering.com,1
https://secure.it.80-85-241-81.cprapid.com/mps/,1
http://81.68.124.227/din.php,1
https://www.icloud-position.co.kingoffserver.com/,1
https://www.lovefromtheoven.com,0
https://www.ima-mycology.org,0
https://www.bioderma.fr,0
http://www.ns1.logitech-usa.com,1
http://www.umlive.gq,1
https://www.paulopes.com.br,0
http://adkgreenliving.net/wp-content/plugins/elementor/assets/lib/tech,1
https://v.ht/midb?confirmation_facebook_report,1
https://www.ipublishing.jp,0
https://fb-restriction-case-bcd07.web.app/,1
https://www.starwindsoftware.com,0
https://www.lit.edu,0
https://www.cobs.si,0
http://www.ws004-proxy-ajcryptominer.ajplugins.com,1
http://yealifqtda.duckdns.org,1
https://www.romtext.org.uk,0
http://coinprotocol.webflow.io,1
https://www.bbcrafts.com,0
http://www.wss-2.monerise.com,1
https://black-silence-3de6.28q-g0ir.workers.dev/,1
https://www.government.nl,0
https://www.bmw2002faq.com,0
https://www.movingmediaworks.jp,0
https://www.ethiosports.com,0
https://www.greenville.com,0
http://www.paargolbal.in,1
https://www.lacronica.net,0
http://43.156.237.181/v3/signin/identifier?dsh=s-838725356%3a1679418207367048&amp%3bfollowup=https%3a%2f%2faccounts.google.com%2f%3f&amp%3bifkv=awnoghfpilmkllqkpjn36xryrlbb5wvqbut6suacyqclmzduuvwfou5j1fhgrdjuu4vqptov3rpolw&amp%3bpassive=1209600&amp%3bxrealip=107.178.231.253&continue=https%3a%2f%2faccounts.google.com%2f%3f&xrealip=34.198.46.118&flowname=weblitesignin&flowentry=servicelogin&ifkv=awnoghcnoagjmfivk35ogepki6qjq2ly4rucejjduxwtcdzjgwlj_rb8txaof6_ttfk0ahx2yobwow,1
https://www.liiffe.com,0
https://www.interviewly.com,0
https://www.kovcomp.co.uk,0
https://www.lyceela.org,0
https://www.dossierimmigrazione.it,0
https://jyht-poi-lkj-mnb-ytr.infura-ipfs.io/ipfs/qmwijqmc1znagzytezn3cmjrexxht8pwrjqqve4ygf2pue,1
https://youaremysoulmate.com/bper/,1
http://www.ichingmegatrend.com,1
https://www.peoplesdefender.com,0
https://www.comicshoplocator.com,0
http://www.weightlosspalace.com,1
http://www.followmetours.net,1
https://www.gettherightschool.co.uk,0
https://www.ecei.tohoku.ac.jp,0
https://www.mayvilas.com,0
http://www.2psv.ryqud.com,1
https://www.purti.net,0
https://www.bestofkashmir.com,0
http://www.sexescortsdubai.com,1
https://www.hitchcockwoods.org,0
https://www.shopmissbehavin.com,0
https://yahoomail-term-4753.ladaw44582.workers.dev/,1
http://ladyshopia.ardel.store/,1
https://www.nicolemanaloevents.com,0
https://www.strato.nl,0
https://mttbmobilehelpp11.web.app/,1
https://www.hpu.edu,0
http://www.nhttp.hiveon.net,1
https://track-il-2293.web.app/,1
https://2437cc86-142f-407d-8672-f9ed9c258dde.id.repl.co/,1
https://www.vanessaalyson.com,0
https://a3bf779a-237e-4a51-ad4b-c00858f3b2ad.id.repl.co,1
https://www.discoversouthken.com,0
http://www.hebergement-solidaire.com,1
https://www.quetek.com,0
http://www.hg00.com,1
https://developing-tungsten-talon.glitch.me/,1
https://www.rollercoastertycoon.com,0
https://www.boston-seo.org,0
http://www.rakcten-carb.kckenoh.cn/,1
https://www.lesbell.com.au,0
https://htmladd-bper-sicuro-website-areaclienti.cfolks.pl/application/mobile/public/webapp/digital-login/area-riservata.php,1
https://konto-mitid.firebaseapp.com/,1
https://e35654e7-c578-4f38-9fc3-3686d9c6d67c.id.repl.co,1
https://www.benlo.com,0
http://www.ns4.metanet.at,1
https://www.mapress.com,0
https://www.finedininglovers.it,0
https://maildinshaakckjnw126.firebaseapp.com/,1
https://www.bostonfed.org,0
https://www.samuiforsale.com,0
https://miseajourservicedigit.web.app/,1
https://orca-trust.life/,1
http://www.canonindustries.com,1
https://www.danielzingaro.com,0
https://econolatam.com,1
https://www.goldenproverbs.com,0
https://www.emilyrosetheartist.com,0
https://www.apogeerockets.com,0
https://www.globalpagoda.org,0
https://bacbienve--x134.repl.co/,1
https://www.panquake.com,0
http://www.2miners.com,1
http://www.networkinfo.org,1
http://www.36593658.com/,1
https://www.medisafe.com,0
https://bafybeihmv77p5nsmx53ji7xfg6mwbkxylnttifkli7queheav33mgsewhe.ipfs.dweb.link/,1
https://www.ctpl.io,0
https://www.a-star.edu.sg,0
http://www.updarling.000a.biz,1
https://www.albayan.ae,0
https://www.neosalut.com,0
http://www.fedea.com.ar,1
https://wanlijiangshan.github.io/bbzethswap,1
https://www.ristorazioneitalianamagazine.it,0
https://www.thegodofhellfire.com,0
https://vvetransfer-file-preview.glitch.me/?email=david(at)dbinternational%20.nl,1
http://www.georgereports.com,1
http://www.isatechnology.com,1
https://att-102508.weeblysite.com/,1
https://www.thecubicle.com,0
https://www.lme.com,0
https://www.disabilityworld.org,0
http://www.regitconference.com,1
https://www.12steptoolkit.com,0
https://www.destinyhandbags.com,0
https://www.kushdiamonds.com.au,0
https://www.maxifoot.fr,0
http://www.onceprojects.com,1
https://www.fontenay-aux-roses.fr,0
https://www.nightlife.com.au,0
https://vivaslot888.com/wp-content/uploads/me/wells2023e/web/authen.php?/fgfdsf=3d&amp;_branch_match_id=1164306295179390022&amp;_branch_referrer=h4siaaaaaaaaa8sokskottlxn84rny3usywo0mvjzmvw9zqutq7lt3bkreyyvzvys0tpsyloszv2aqdgn//elwaaaa==&amp;utm_medium=marketing,1
https://www.rtdonline.com,0
https://helpcenter-servicesde24.de/,1
https://www.paleontologyworld.com,0
https://www.arnsidesilverdaleaonb.org.uk,0
https://gateway.pinata.cloud/ipfs/bafybeic5pqkweobka2tfnltnod732ftxg7ecudziaiquvdqwhbuubslql4,1
http://www.trade-agro.top,1
https://78755667.pedritos.repl.co/,1
https://www.americanmetrobank.com,0
https://www.vaccinesafetynet.org,0
https://www.ekel-nat.ekinsrr.bhwkke.top/load.php,1
https://meant2beknown.com/creditoescolares/,1
https://www.visitrovaniemi.fi,0
https://www.redleadpaperworks.com,0
http://www.telkom.online,1
https://www.triumf.ca,0
https://sparkling-pond-8c91.hgpuuhmyy.workers.dev/,1
https://lps.sunflower-advertising.com/brnu_7189_1_es_gt_nfl/?coc=ld_gt_ytbrf1105_1876_bi&amp;target=%7btarget%7d&amp;utm_campaign=%7bcampaignid%7d&amp;utm_adgroup=%7badgroupid%7d&amp;keyword=%7bkeyword%7d&amp;placement=%7bplacement%7d&amp;network=%7bnetwork%7d&amp;curr_city=%7bloc_physical_ms%7d&amp;device=%7bdevice%7d&amp;creative=%7bcreative%7d&amp;device_model=%7bdevicemodel%7d&amp;ad=bi2&amp;wbraid=clikcqiahkycbhcqarjbabb7uiwsjrl6l8qhfu1wy11r86mmnpaqdwsgd8pndcjnbb2mvscvmpzjtfn9irmxnpaosyabqc3vmtfu7wp6wkqaaoan,1
https://www.phytoextractum.com,0
http://www.nlsrv.xyz,1
https://zoho-26c66.web.app/,1
https://www.dancingledge.com,0
https://www.mybloggerclub.com,0
http://www.hbrvznwkx.info,1
https://www.victoriamilan.com,0
https://sweepstakes63.godaddysites.com/,1
https://www.columbia.edu,0
https://www.dunnsfishfarm.com,0
https://lesurvivantparmiseutent.firebaseapp.com/,1
https://bienvenidosonline.interfisahomene.repl.co/,1
https://www.netstate.com,0
https://ind.millemniumbcp-pt.com/_layouts/bcp.sdc.fep.foundation.prese,1
https://www.playbasic.com,0
http://connectwithdrawal.com/,1
http://spotify.ax/,1
https://mall02-orange.com.maill02.com/,1
https://www.rpgpgm.com,0
http://www.argus-systems.ru/content/content.php,1
https://www.cave.co.jp,0
https://www.thesimsresource.com,0
https://instagramprivatedms.github.io/instagramone/,1
https://www.dara.network,0
http://www.gtitdunproductions.com,1
http://www.islandspect.com,1
https://www.hydrema.com,0
https://www.artandonly.com,0
http://e-mail-update-service-103472.weeblysite.com/,1
http://darpnetwork.com,1
http://43.159.48.238/v3/signin/identifier?dsh=s2080625935:1679498412856018&amp;followup=https://accounts.google.com/?&amp;ifkv=awnoghenxic6xm8e0obfqqasq26p02gnrxayqfwygemdyajubifeedgolb0kghdkvyotlkt8azmhig&amp;passive=1209600&amp;xrealip=35.203.255.103&amp;continue=https://accounts.google.com/?&amp;xrealip=114.172.74.234&amp;flowname=glifwebsignin&amp;flowentry=servicelogin&amp;ifkv=awnoghcgmn-v41i0mal3hg6_zren1al0v4moys6in9whjtfmzvazxsboalt10fusq_ugx0fjucdxfq,1
https://www.parcours-voyages.fr,0
http://ujgwmrgjmc.duckdns.org,1
https://agent.deutschemkgw.top/,1
https://www.stanleypickergallery.org,0
https://www.pflotran.org,0
https://mobilewigglyrelationalmodel.fredy22.repl.co/,1
https://www.motorcyclecoaster.com,0
https://aol-105224.weeblysite.com/,1
http://www.luminoushomeinspection.com,1
http://www.brussels-cafe.com,1
http://www.webstyle.net.au,1
https://chre-dd9a9.web.app/,1
https://www.audiorelaxpro.com,0
http://ee836598.com/,1
https://www.hangoutmusicfest.com,0
https://www.dondennisfamily.com,0
https://www.chakibjaidi.com,0
https://www.cgtpenitentiaire.com,0
https://www.terpconnect.umd.edu,0
https://www.openbookontario.com,0
https://case1001056218521564552966.firebaseapp.com/,1
https://www.national-geographic.cz,0
https://www.zonalocale.it,0
https://www.kiteman.co.uk,0
http://www.dde.de.drive-files-b.com,1
https://novaconsultamagalu.com/consulte-sua-fatura.php?cartoes=home&amp;id=mjrlodq0yjfkmgmxnzm3ownmzjewyjyyowu5zme1ztk=&amp;the=theking,1
https://www.apple-error.com,1
https://lclcl-pan-user.web.app/,1
https://www.allmusic.com,0
https://www.miele.de,0
https://www.demandgenreport.com,0
https://www.cantors.org,0
http://www.ksua.top/,1
https://www.lesmithjewelersandgifts.com,0
http://www.iurhjfnmflsdf.com,1
https://swbell-upgrade.square.site/,1
https://www.miloetmoi.com,0
https://www.packagessouthindia.com,0
https://www.krepsinis.net,0
https://www.churchofantioch.org,0
http://www.mx0.blocktrail.com,1
http://repo.sepa-00980-force-drop.oa.r.appspot.com/?fbclid=iwar0c3zeumd6usjioisyr9mfzzznmrua5mwn1z46ektftaaccx33ar0md75s,1
https://www.sauter-pianos.de,0
https://www.aboutnelson.co.uk,0
https://www.youngstyle.at,0
https://maildinshaakckjnw112.web.app/,1
https://www.thereformation.com,0
https://www.masseypress.ac.nz,0
https://www.cinema-box.co.uk,0
https://www.symmetron.ru,0
https://www.mallofasia-arena.com,0
https://www.rennersupply.com,0
https://www.teknik.uu.se,0
https://att-mail-101936.square.site/,1
http://www.ftp.praskovya-ulyanova.dumb1.com,1
https://www.databridgemarketresearch.com,0
https://www.redcross.ca,0
https://www.myllymuksut.com,0
https://enareuoasrec.com/all/login.php,1
http://www.sirotti.xyz,1
https://www.nectarcustomfloraldesigns.com,0
https://apptuts.bio/detalhamentoluiza,1
https://www.binmatter.com,0
http://www.hillsboraviation.pw,1
https://marketingtechnologies.es/wp-admin/whidhet/f4db9c3b86f73456f/,1
https://storageapi.fleek.co/b6ca2410-104a-4c6a-a7a4-4a705664c555-bucket/microsoftonline.html,1
https://www.faf.cuni.cz,0
http://www.bringbackbeer.com,1
http://www.itunesimages.itsaol.com,1
https://tt-attmixed0000000000att12.square.site/,1
https://garonne-habitat.com/,1
https://wwwsaisoncald.shuashuaso.com/jp.php,1
https://southern-az-golden-retriever-rescue.org/cz93209js839284h32/cztyu56534cefzs,1
https://www.tpimagazine.com,0
https://www.meike-teichmann.de,0
http://www.q3b.ru,1
https://jocaparat.ro/microsoft/q/,1
https://www.procraftersguild.com,0
https://quebella.com.au/control/panel/login.php,1
https://www.crosswindhkn.nl,0
http://www.nodns.ca,1
https://www.amcircus.com,0
http://www.hnjst.net,1
https://www.branch.io,0
https://www.woodsbros.com,0
https://www.lavozdeasturias.es,0
http://www.comodo.world,1
https://www.minidoka.org,0
https://www.dragondoor.com,0
https://www.pesches.com,0
https://www.marilynnmair.com,0
http://www.calebdavidsmith.com,1
https://www.texasbaptists.org,0
https://www.obuiamaechi.com,0
https://www.temple-music.com,0
https://www.stjohnsgolf.com,0
https://www.data-8.co.uk,0
https://www.leptospirosis.org,0
https://www.celticartworks.com,0
https://www.hastingsstargazette.com,0
https://www.hdaustria.at,0
https://www.belfastmet.ac.uk,0
http://www.websupporter.co,1
https://wobbzxanzka.worzooxahajg.repl.co/,1
http://www.glojef.hwtnetworks.com,1
http://www.pandemidesteklerialim.unaux.com,1
http://www.923915.com,1
https://www.wallacepaperco.com,0
https://www.vorresmuseum.gr,0
https://banpaisssch219024.jimdosite.com/,1
https://www.proapp.site,0
https://www.sangil.gov.co,0
http://form.jotform.com/222895744691066,1
https://bafybeicrq42t3uoi53hf2hhntwq74hfapj5rutrp6ejlidohaghypibnyy.ipfs.cf-ipfs.com/link.html,1
http://chmsgroup-access.gq/secure/document/authentication/,1
https://www.azleisd.net,0
https://www.maketecheasier.com,0
http://www.bet-invest.com,1
https://www.thelingerieaddict.com,0
https://www.iaru-r3.org,0
http://www.ron-mil-pl.site,1
https://www.transpoco.com,0
https://www.sailingtheweb.com,0
http://www.719999.com,1
https://www.gardenwedding.com,0
https://madevine.me/images/images/content/content.php,1
https://www.weatheronline.de,0
https://www.americasbesthistory.com,0
https://www.transloadit.com,0
https://www.massivesoftware.com,0
https://www.williams.wa.gov.au,0
https://www.123stitch.com,0
https://www.albertafirst.com,0
http://www.account-tamin-ejtemai-ir.cf,1
http://43.134.233.26/v3/signin/identifier?dsh=s1325475716:1681924679928143&continue=https://accounts.google.com/?&followup=https://accounts.google.com/?&ifkv=aqmjq7rcuxh06nwckmm4yfwjiiicycach8gryju1lirnilt6wcv9ym8ozbecqltqse_qfosc3wicsw&passive=1209600&xrealip=107.178.232.247&flowname=glifwebsignin&flowentry=servicelogin,1
http://www.bomberosvilladelrosario.org,1
https://www.zeno.ru,0
https://www.ntu.org,0
https://www.trainingandcurriculum.com,0
https://dostawadpd.pl/270008574815/bank/millenium/,1
https://voice11m09.web.app,1
https://www.irtvazteca.com,0
https://www.cbodanak.com,0
https://www.oig.dot.gov,0
https://cutt.ly/v1irggu,1
http://www.filinvestment.com,1
https://www.legacy98.org,0
https://www.bokbaten.no,0
https://www.iplaysoft.com,0
https://www.frejus-saint-raphael.com,0
https://www.usdec.org,0
https://mob10l-afcu.web.app,1
http://clockurl.com/qjz,1
https://miseenjourespaceclientele.web.app/,1
https://www.serveplumbing.com,0
http://proximusannulationfacture.com,1
https://www.realnamibia.com,0
https://sbi-n78b8.firebaseapp.com/,1
https://www.youngs.co.uk,0
https://www.sakura.ad.jp,0
http://moralbestplan--yosh89.repl.co,1
https://www.viewbug.com,0
https://xq5-mkg5.web.app/,1
https://www.fort4fitness.org,0
https://www.keurigdrpepper.ca,0
https://ageckocan.com.au/ned/app/login.php,1
https://www.dahami.com,0
https://www.heilbronner-falken.de,0
https://piscinaveronza.com/hesh/dpd/57318/,1
https://www.city.shinjuku.lg.jp,0
https://www.fizique.co.za,0
http://www.otc-manila.com,1
https://www.chewmagna.bathnes.sch.uk,0
https://slior7jwl.web.app/,1
http://www.cch-shaprak.cf,1
https://union4lioc32.union4unitepl4.repl.co/,1
https://attmailpageupdate.square.site/,1
https://docs.google.com/forms/d/e/1faipqlsdag8jwrhrn5pdghw-sfvr0u5-5kxts-hbdkb2ftxmzdsl1wg/viewform,1
http://u1965047.plsk.regruhosting.ru/41/,1
https://www.jennaregan.com,0
https://www.velorette.nl,0
https://www.citypeopleonline.com,0
https://www.kovver.app,0
http://bafybeigaciymsgapn4avxefv7xg3dmo53uyeckcaxogr3g2onoyqkbbmji.ipfs.dweb.link/,1
https://02851ffc-054b-4adc-8aac-a58327966d3d.id.repl.co,1
https://www.nyts.edu,0
https://www.trans-techresearch.net,0
https://att-105386.square.site/,1
https://www.tose.co.jp,0
https://kokusaikankyo.co.jp/page/nw/index.html,1
https://www.funkydrummer.com,0
http://www.hst5.com,1
http://www.saisoncard.co.jp.gzj7006.xyz/,1
https://schubertforda-1316850103.cos.eu-frankfurt.myqcloud.com/schubertforda.html,1
https://www.45-sleeves.com,0
https://www.henrywilliamson.co.uk,0
https://www.glannarmor.com,0
https://www.caribjournal.com,0
http://www.sonarmachines.com/home.php,1
https://www.tonyskansascity.com,0
http://www.walescounseling.com,1
https://hlka.weebly.com/,1
https://www.notepad-setup.top,1
https://www.ragpiano.com,0
https://dev-itauloginsecurepy.pantheonsite.io/,1
https://post-ch.courier-tracking.info/layouts,1
https://dev-plicohsah.pantheonsite.io/token.php,1
https://www.gsmrm.org,0
https://joanmosier2.wixsite.com/my-site-5,1
https://para.alexpardo3.repl.co/,1
https://www.europeanreview.org,0
https://www.sfccmo.edu,0
https://www.quotescreator.com,0
http://www.ultimedia.vmmini.com,1
https://www.wvwc.edu,0
https://www.eana.com.ar,0
http://wildcard.damonmoore.com/02/tdecu/,1
http://www.pearlcomputers.com.pk,1
https://www.tedxbermuda.com,0
http://www.thanhren.com,1
https://manuel.adwokats.pl/free/radekg1978@op.pl,1
http://www.kueronekayacotn-co-jp.kueronekayacotn.tqdfby.top/ai/?authenticated=true&amp;openid%2fgp%2fsignin%2fx%26i%3da%26oauth%3dm%26i%3fie%3dutf8%26ref_%3drhf_custrec_signin5b7e18bb0f261b81f68594261a101c35285e7235,1
https://dev-435465768765pro.pantheonsite.io/,1
http://www.idiot24.de,1
https://maildinshaakckjnw120.firebaseapp.com/,1
http://www.stoorvogelsoftware.nl,1
https://www.ign.org,0
https://www.stylesimpler.com,0
http://www.daudguhi.tk,1
https://www.agefiph.fr,0
https://b-e.godaddysites.com/,1
https://www.ev3dev.org,0
https://storageapi.fleek.co/7fa09544-72de-42d4-976f-3024cde6c69e-bucket/hostconfig2/index.html,1
http://lavozdeloscentauros.com/,1
https://www.musetv.net,0
https://www.pollinator.org,0
http://fatura-servidor-23.com/,1
https://www.makingyouthink.ca,0
https://www.thetutoress.com,0
http://www.msndesign.nl,1
https://www.rondacarman.com,0
https://www.arvaia.it/retydhoskruyja/007xenstry/serviziorinno.php,1
https://www.b2btimes.com,0
https://www.goblueribbon.com,0
https://uho89u-9yhufy9y-9yhi7fuytd-09ujp9g-08fp8gg.obs.ap-southeast-3.myhuaweicloud.com/3g0-w58hg-ei9fh024hbf0-e9jf-qegfh-ehd.html?awsaccesskeyid=l18y4bz9hqixc2epzhun&expires=1680373459&signature=7zadtrj8jfasowiv74/rqenwski=,1
https://geneftx.com/wp-content/wflogs/swiss/com/clients/username.php,1
https://www.tecmint.com,0
https://www.heathermccollum.com,0
https://www.prestosoft.com,0
https://www.domii.fr,0
https://www.world-foodhistory.com,0
http://www.outlook-368.com,1
https://www.zzlsxh.com/wp-includes/js/liinkedinhardest/900/,1
https://www.edu10.ro,0
https://www.eastchester.org,0
https://www.bigskypublishing.com.au,0
https://www.ovmagazine.nl,0
https://www.istmo.mx,0
https://signescrowdocu.com/,1
https://www.cornerstonepublications.org,0
https://www.mysterymountain.ca,0
https://www.astralthrob.com,0
https://www.hatchbrilliance.com,0
https://www.directart.co.uk,0
http://www.jthnx5wyvjvzsxtu.onion.pet,1
https://www.7siusa.com,0
https://www.dudecor.it,0
https://www.bestbrakepads.com,0
https://www.actionnewsnow.com,0
https://metaurlredirect123412521542.web.app/,1
http://www.osakado.org,1
https://www.claphamschool.org,0
https://www.kbjournal.org,0
https://www.designevo.com,0
https://appealform6009254729745321.web.app/,1
https://www.generalfederal.com,0
https://www.lawrenceperson.com,0
http://www.vps333.com,1
http://www.hkrevolution.club,1
https://www.dww.com,0
http://www.theabernathyhome.com,1
https://bafybeicpe5g5s3a473z5owlcdibwtcgvda3xl3dee7nopkhahrgxowlk2u.ipfs.w3s.link/live.html,1
https://www.factum-arte.com,0
http://energir.com.paintechnology.in/?email=3mail@b.c,1
http://lkuuqyptzs.duckdns.org,1
http://www.muj22389057436506320965.rf.gd,1
https://wzf4cx.webwave.dev/,1
http://www.circumvent.it,1
https://www.pilaradiario.com,0
https://www.heritage.org.nz,0
https://www.houstonforesight.org,0
http://www.caggroup.org,1
https://www.vianet.ca,0
https://tryintlgroup.com/aje/index.php,1
http://www.erpahome.com,1
https://www.nysol.jp,0
https://www.schallergallery.com,0
https://www.historiaposzukaj.pl,0
https://www.salers-tourisme.fr,0
https://attcom-102151.square.site/,1
https://www.ghibli.jp,0
https://sbvn-1t.web.app/,1
https://www.evadesens.com,0
https://www.boekenvoordeel.nl,0
https://www.gentletentaustralia.com.au,0
https://rcvrycontinuefacebook-108453647.start.page/,1
https://www.hooraysocks.com,0
https://www.worc.ac.uk,0
https://cf-ipfs.com/ipfs/qmfeyrrgxu1jtksbjnz4r46zxzez7outbbtlprfxd3npxq/ponts.html,1
http://www.jeannew.ga,1
https://www.secondcity.com,0
https://www.cidegypt.com,0
https://www.mearsheimer.com,0
https://www.filologico.it,0
https://www.hopkinsmnhistoricalsociety.org,0
https://www.visitjewishitaly.it,0
https://www.dec.ny.gov,0
https://att-106905-107027.square.site/,1
https://www.trekmag.com,0
https://www.basicairdata.eu,0
https://www.paristechreview.com,0
http://www.sovi.tw,1
https://www.danielbennett.net,0
https://www.thelawyer.com,0
https://www.simplybhangra.com,0
https://www.goslar.de,0
https://ebanking-ch3-ubs-a3ab0.web.app/login.html?session=4qpkmklayiamuibzivojr9ss3csc9vwd8tsw2zufcfskqkrppeb0bapwqc9pxoa6pnyoitlqn2qigpqjb2qvc9mbe1877r5ywc&amp;auth=a5dc1659-5857-4dee-9b28-df3b4079344e,1
https://www.suebarnett.net,0
https://www.digitalguerrero.com.mx,0
https://krisoffset.com/oldie/rule/gorguw/yw5ids5tdxbwawrhdghpqhf1ywxpdgvzdgdyb3vwlmnvbq,1
https://www.emsb.qc.ca,0
http://www.ra4wvpn.com,1
https://www.battlegrip.com,0
http://www.tomsburs.shop.co,1
https://www.bornready.org,0
https://www.impulsonegocios.com,0
https://www.dunellen-nj.gov,0
http://www.surfmo.com,1
http://www.aressco.tv,1
https://www.once.ro,0
https://www.n8research.org.uk,0
https://www.elearningfreak.com,0
http://www.629k.com,1
http://www.xxx-com.ml,1
http://www.kettlekingz.co.uk,1
https://www.scenicusa.net,0
https://www.islambasics.com,0
https://www.lilymaedesigns.co.uk,0
https://www.emapa.aero,0
https://www.rockbladet.se,0
https://eurobank8.godaddysites.com/,1
https://www.laei.it,0
https://www.radicokhaitan.com,0
https://www.acha.org,0
https://www.routee.net,0
http://www.hkseo.guru/,1
https://onlinequranteaching.com/public/3byqwoxcnfi9dhdirjfgkrucybtkx0ga,1
https://www.ampermusic.com,0
https://frosty-clarke.91-218-65-223.plesk.page/,1
https://cloudflare-ipfs.com/ipfs/bafybeihtcqsvmd6zwbg2mqmebpxildep5iy2duohhenfpcosmqibe6ycm4//link.html,1
http://www.ppsm.urlfb.co,1
https://yahoo-109288.weeblysite.com/,1
https://www.uark.edu,0
https://www.excelhomes.com,0
https://www.peec.org,0
http://www.a2service.com/bitrix/admin/notifinfos,1
https://landing.hengjing168.win/wp-includes/widgets/manger/login/nab%20au/,1
https://www.duke-nus.edu.sg,0
http://www.ip-freight.com,1
http://www.mail.gietriangle.org,1
http://www.testaker.com,1
https://dev-appmobil.pantheonsite.io/,1
https://www.morovia.com,0
https://www.designhub.com.sg,0
https://www.geekbuying.com,0
https://www.kootenai.org,0
https://www.patrickberger.fr,0
https://www.arge-lochungen.de,0
http://www.ws.xmrpool.net,1
https://www.sjac.or.jp,0
https://s.id/correos-esp,1
https://www.nebrwesleyan.edu,0
https://www.cfsscan.com,0
https://www.uniquestoneimports.com,0
https://www.daylilyfloral.com,0
https://www.sherpavan.com,0
https://www.tuttonapoli.net,0
https://www.stylusgrid.com,0
https://www.yasersamra.com,1
https://www.silverkis.com,0
https://www.brings.com,0
http://paypal-support.com.desenvolvedortheosbank.com.br/login.php?cmd=_account-details&amp;session=996d4115d94b0f1efc22e324705bcc36&amp;dispatch=45694e459be9ff94aee7f72833d421f62c2142a8,1
http://1636365.com/assets/40vueuse.4080c24a.js/assets/@intlify.595663c5.js/assets/@vue.8c84d7fe.js/assets/,1
https://www.robocraftgame.com,0
http://129.226.210.78/v3/signin/identifier?dsh=s1610983396%3a1679508014164389&amp%3bcontinue=https%3a%2f%2faccounts.google.com%2f%3f&amp%3bfollowup=https%3a%2f%2faccounts.google.com%2f%3f&amp%3bifkv=awnoghcv0rrddkxoyqd4xcsaposgnnisb150b7sqvzhknm_2qyybd8_elzclwnffeuhyimunteej&amp%3bpassive=1209600&amp%3bxrealip=107.178.231.233&xrealip=34.198.46.118&flowname=weblitesignin&flowentry=servicelogin&ifkv=awnoghf7g0-zinclzc9ndayq44ishrkyjiuiubcz568zrtsp4kpz3ef_u1t3ugyky5tturetqlon,1
http://ollx.76547358.xyz/xc8mtqxe/technical-works,1
http://www.networking4africa.com,1
https://business-confirmation-appeal96.firebaseapp.com/,1
https://www.theengineroom.org,0
https://www.uton.is,0
http://lylkxxbcob.duckdns.org,1
https://www.france-rwanda.info,0
https://www.filepursuit.com,0
http://www.eblagh-s.ga,1
https://www.hernandosun.com,0
https://www.huisnummer5.nl,0
https://currently-109867.square.site/,1
https://www.firefox.cz,0
http://www.115558.com,1
https://payment-8a5ff.firebaseapp.com/,1
https://www.4bridgeworks.com,0
https://www.mystupidsimpleapp.com,0
https://www.curlsandpotions.com,0
http://129.226.211.41/servicelogin?passive=1209600&amp;continue=https://accounts.google.com/?&amp;xrealip=107.178.232.255&amp;followup=https://accounts.google.com/?&amp;xrealip=107.178.232.255,1
http://www.keanojewelry.com,1
https://which0x0038.web.app/,1
https://att-108815-105511.weeblysite.com/,1
https://pacequitravel.com/wp-includes/requests/transport/.www.ups.com-ca.en-track-change-delivery.page,1
https://www.armadninoviny.cz,0
https://themundaywedding.com/,1
https://infura-ipfs.io/ipfs/qmv8shmbeux6yuqa4dvagahqq1fgbfgupzg2kpb2wbpov3,1
https://www.thelanningfarm.com,0
http://organisasi.bulungan.go.id/public/84llhyyjo1gt17medpedpchcuezxfqpb,1
https://www.alliedps.com,0
https://bafybeiduqpv4atyohkgxrtyvy5zxxdym552dffpwmvehe27tzaaeddkuya.ipfs.dweb.link/#x@x.com,1
https://www.truvia.com,0
http://www.01transport.com,1
http://www.wildfolkcreations.com,1
https://www.alexfilmsociety.org,0
http://www.zhiyong.jackytraining.cn,1
http://www.searchdusty.com,1
https://www.sjquiltmuseum.org,0
https://www.acsya.org,0
https://www.racp.edu.au,0
https://www.alchemyhairsalon.com,0
https://www.scylladb.com,0
https://www.artlovefriend.com,0
https://bohhrb262q7gdwlxcw253am47rgego4bdudolc6soei6limz466a.arweave.net/c454h17upmhzdxw13ygc_exdo4edbuwl0ner5agz57w,1
https://www.multimediasoft.com,0
https://amendegouvantai.com/,1
http://www.habibtextiles.pk,1
https://www.nsiradio.com,0
https://yahooodhstw.s3.us-east-005.backblazeb2.com/glogin.html,1
https://www.yellowtailwine.com,0
https://att-mail-103905.weeblysite.com/,1
https://doraemonarabic.net/finance/mobilesco/,1
https://sbi-875675g77.web.app/,1
https://www.kirkkojakaupunki.fi,0
https://www.hstu.ac.bd,0
https://sb33-m-ga4.web.app/,1
https://cotacao.crocobeach.com.br/.well-known/dropx/sgdhdhf.html,1
http://www.from-wv.com,1
https://www.copley-wolff.com,0
http://www.bflawfirm.com.snocomb.com,1
https://www.bahrainbourse.com,0
https://www.skwshop.nl,0
https://www.arizonadiamondcenter.com,0
https://www.capletonmusic.com,0
http://emiratespostdeliveryvhost270193.lowhost.ru/m9aym/access/,1
https://www.pipelineroi.com,0
http://www.daglezja-wycinkadrzew.pl,1
https://tiny-shadow-bf34.glro9t32e7.workers.dev/,1
https://docs.google.com/presentation/d/e/2pacx-1vs5gatrjq66knqes7jtrfubtzx6dvib89gabe9tuaq3sdz9bt-hzlaqu_ufuinvaoja_y4ivtn6v59x/pub?start=false&loop=false&delayms=3000,1
http://www.iquatang.com/wp/wp-content/plugins/llpqhkxcuv/ctc/globalsources/,1
https://www.zappa-analysis.com,0
http://www.echarts.cn,1
http://infoprenda-digital.com/,1
https://www.atelierbibirocha.com.br,0
https://oficialsegundavia.com/,1
https://webmail-108008.weeblysite.com/,1
https://www.rlhymersjr.com,0
https://outlook-web-b129a.firebaseapp.com/,1
http://www.100mountain.com,1
http://www.ukalasahnede.gq,1
https://www.thewanderlusty.com,0
http://www.sahem.pcanywhere.net,1
http://www.vn-share.cf,1
https://www.pellamuseum.org,0
https://www.kidsplanet.com,0
http://www.mmy.ddns.us,1
https://www.siphiphooray.com,0
http://www.spacermedia.com,1
http://blocksdapps.firebaseapp.com,1
https://www.cmccd.edu,0
https://facebook-appeal-request-b534d.firebaseapp.com/,1
https://www.visitgloucester.co.uk,0
https://www.nogozone.games,0
https://ipfs.io/ipfs/bafybeidltm7ppbseunx3n3aumc73nv7c5i5y365mznjp35ue4aesttnnpq/,1
http://www.f0516527.xsph.ru,1
http://www.oghabhosting.ir,1
https://www.toki.gov.tr,0
https://att-mail-107258.weeblysite.com/,1
http://www.kranche.com,1
https://klay-104.firebaseapp.com/,1
https://www.rmihomes.org,0
https://www.starla.org,0
http://www.bestcartdeal.com,1
https://www.stormfans.club,0
https://www.jenniferpaige.com,0
http://bafybeiefsr73dkxkpbi2ql2ksxz4yuhc6o3iiqqjbbzr4jxw5tvlfu3jwm.ipfs.dweb.link/,1
https://xterus.com.mx/areaprivata.php,1
http://www.lkhyfytd.ga,1
https://office000000001.web.app/,1
https://chasebnkonline.firebaseapp.com/,1
https://www.intercontinentalgtchallenge.com,0
https://www.artgallery.co.uk,0
http://www.live2.de,1
https://www.advancedtherapyinstitute.net,0
http://www.vortexla.com,1
https://www.avantlink.com,0
http://confirmarcreditoltau.atsnx.com/?i=1,1
https://www.cobbcounty.org,0
https://appeal-business-meta-120-85991.web.app/,1
https://7db54cd6-128e-46f1-a624-0ece2ca8803d.id.repl.co,1
http://www.123043.com,1
http://pammed.net/wp-content/plugins/p/dhl_top/,1
https://ipfs-fleek-co.translate.goog/ipfs/qmz9exhaxhllefqf7nkx4uadjjtpqjomsxky3amwgflis8/?_x_tr_sl=auto&amp;_x_tr_tl=en&amp;_x_tr_hl=en-us&amp;#,1
https://www.cirt.net,0
https://www.lexeek.com,0
https://www.gezmobility.com,0
https://aol-107556.weeblysite.com/,1
http://1636365.com/assets/40vueuse.4080c24a.js/assets/@vueuse.7ab573ac.js/assets/assets/@floating-ui.4bc9703a.js/assets/,1
https://www.landcentury.com,0
https://fleek.ipfs.io/ipfs/qmsptsomhw16skrutcf4fjcetdnvt6hce26sssvxjfyzga/index.htm?,1
https://www.rochestermn.gov,0
https://www.sunbeam.org.au,0
http://www.r.gp,1
https://www.eisenhowerlibrary.gov,0
https://hd31-kd-5s2.firebaseapp.com/f1,1
http://43.159.37.67/v3/signin/identifier?dsh=s-1224203094%3a1680415225589668&amp%3bcontinue=https%3a%2f%2faccounts.google.com%2f%3f&amp%3bfollowup=https%3a%2f%2faccounts.google.com%2f%3f&amp%3bifkv=aqmjq7rqdjw7kcyd5ujxx6rjnvdk7zwiisi-bxhu9hohorgouto8xa5ybfeebr_nhkmiuaziczrwmg&amp%3bpassive=1209600&amp%3bxrealip=35.203.245.120&xrealip=107.21.207.171&flowname=weblitesignin&flowentry=servicelogin&ifkv=aqmjq7roxxt03jbayuefx2buauksexhsvjeqyvplgryuveq0suekezvrqhmtxo3nvd7lxjqd7fztyw,1
http://drehabdawood2022.com/chase-otp1/,1
https://www.eeoc.gov,0
http://amendepaiement.fr/,1
http://www.neoexc.com,1
https://www.onyphe.io,0
https://jposdzu.com/,1
http://www.16ardagh.com,1
https://www.motop.app,0
http://www.bdoncloud.com,1
https://www.toptip.ca,0
https://cf-ipfs.com/ipfs/qmv8shmbeux6yuqa4dvagahqq1fgbfgupzg2kpb2wbpov3,1
https://www.friedas.com,0
https://www.astronauticsnow.com,0
https://hw9q8pinxf.web.app/,1
https://www.thefootyblog.net,0
https://www.stuttgartdailyleader.com,0
https://je0481933cis205.cisweb.luzerne.edu/doc/adobe-3d6/,1
https://www.brazilianpoetry.com,0
https://sassa-87202.web.app/,1
https://hd3q-mkh3r.firebaseapp.com/,1
https://www.tht.org.uk,0
https://sitebuilder186680.dynadot.com/,1
https://www.culturenorthindia.com,0
https://th-pro-c0f4d.firebaseapp.com/,1
https://bt-103175.weeblysite.com/,1
http://www.sharkltd.com,1
https://www.cp24.com,0
http://tia2na1.hyperphp.com/?i=1,1
http://www.cqline.com,1
https://v.ht/yhigv?home-facebook-confirmation=,1
https://www.overmantels.co.uk,0
http://www.teamkarateortani.it/rentririnoho/007xenstry/serviziorinno.php,1
https://www.thematrix.com,0
https://www.nrspp.org.au,0
https://www.hawksprairieortho.com,0
https://ipfs.io/ipfs/bafybeibjaza7liprcmpwtjf2k4btvsyka4kfmauug5q6f2sikmlpz774uy/?filename=index.html#noc@protocol.ai,1
http://www.virtualartsonline.com,1
https://gateway.ipfs.io/ipfs/bafybeifp5xd7rlkiagub3plyvtm4cl7gzctw65ndle7cdxbczbsldlhgy4,1
https://www.alter-magazine.jp,0
https://www.telcotitans.com,0
http://www.gtvtuning.com,1
https://www.rtlamp.org,0
http://2xmetamask.com,1
https://www.bywgraffiadur.cymru,0
http://www.mdwyi.com,1
https://www.captio.net,0
https://www.fiat.nl,0
https://www.legacyamericana.com,0
https://www.iconfiberarts.com,0
https://www.madaboutthehouse.com,0
http://www.iotsecurity.xyz,1
http://u1965047.plsk.regruhosting.ru/31/,1
https://blocklerchaiornys.com/mmetams/,1
https://www.foodcoop.com,0
https://www.lifelibertyelegance.com,0
https://s22-uyt.firebaseapp.com/,1
https://www.jobcluster.com,0
https://id.piatocafe.com/wp-admin/nor/mak/wait1.html,1
http://www.hamtaa.ga,1
https://www.plea.org,0
https://www.queenonlinestore.com,0
https://www.ddownload.com,0
http://www.stream2.binance.com,1
https://www.parkjourney.com,0
https://www.okgazette.com,0
https://bt-business-uk-best-phones-dynamite-sit.webflow.io/,1
https://www.msctrustgate.com,0
https://moncar.com.mx/package/bibaztgkmv4261/,1
https://www.slabber.net,0
https://www.romneyforutah.com,0
https://www.cateringconnect.com,0
https://www.univ-smb.fr,0
http://www.appieaccount-login-info.mipaginaweb.us/,1
http://bmgufvbjue.duckdns.org/,1
https://olnlxsxcv.blasbecoutntili.ga/?tranzakt66821&selectedbank=2#cards_conf_vb,1
http://www.srutebmduoh.myfw.us,1
https://minhacontahiper.com/index.php?local=inicio&id=ode2ytfmmgqynjvlyzblyjnhzjdlmwe0mzywmzi0mtc=&token=494dd19d7057f735c0f9efc3b98c7f41&th=1,1
https://aol-101602.weeblysite.com/,1
https://www.marinwater.org,0
https://www.unitedhealthgroup.com,0
https://www.alaskaferryvacations.com,0
http://www.amazceom-co-jp.amaczeon.chaqingren.top/,1
https://case1009621986519654153220.web.app/,1
https://www.publictransportation.org,0
http://mintwallet.netlify.app,1
http://www.akeeperoftime.com,1
https://www.on-camera-audiences.com,0
http://www.kkjjhhdff.site,1
https://www.europeanfilmacademy.org,0
https://bafybeifv6yzwdh3hnoar5klcu72mvfa3murdrw5qeew6ugjlwit76x3ml4.ipfs.cf-ipfs.com/sogowa.html,1
https://www.heeve.com,0
https://www.glasspizazz.com,0
https://www.councilbluffsiowa.com,0
https://www.nissui.co.jp,0
https://www.galich44.ru,0
https://www.bestofbethany.com,0
https://amazon-bvcxcxxz.dns04.com/mobile/signin.php,1
https://still-grass-0fb4.foxlowsob632.workers.dev/,1
https://www.punetourism.co.in,0
https://www.canavan.org,0
https://www.chessboardjs.com,0
https://www.sightmagazine.com.au,0
https://www.euchips.com,0
https://wvvwzonaseguracajastrujillope.com/clientehbpn/(s(sgz5vl1402a5zrrcptoiy0hg))/wflogin.aspx,1
https://adkoptics.com/,1
https://www.kennedywilson.com,0
https://login-att-mail-6808.square.site/,1
https://www.christchurchnz.com,0
https://www.ijrbsm.org,0
https://www.weathersphere.com,0
https://www.terra.com,0
https://www.thedailymeal.com,0
https://www.thethingsindustries.com,0
https://maildinshaakckjnw574.web.app/,1
http://www.nnvh.urlfb.co,1
https://www.historicenvironment.scot,0
https://www.cochlea.org,0
https://www.muranoglass.com,0
https://www.anatsoc.org.uk,0
https://www.ministryofpeculiaroccurrences.com,0
http://www.tienphongmientrung.com,1
http://20076564365654.20331064515.my.id/idverif.php?section_id=13-howtocontactmeta,1
http://www.qwartwf.ml,1
https://www.gr.reduslim.health,0
https://www.opendatask.ca,0
https://www.healthpolicyohio.org,0
https://www.shoproyalflooring.com,0
https://www.dasuppa.ru,0
http://www.domainserviceweb.com,1
https://aol-104452.weeblysite.com/,1
https://www.electriccanadian.com,0
https://www.litiholo.com,0
https://www.ramakantmaharaj.net,0
http://www.aimsagro.com,1
https://www.dessousloungewear.com,0
https://www.veganmania.ch,0
https://www.campbellssweets.com,0
https://www.gecode.org,0
http://www.f0545221.xsph.ru,1
https://www.adnow.com,0
https://utkarshvilas.com/activemail-jp/,1
https://wordpress-943947-3283821.cloudwaysapps.com/bnfrparfbn,1
http://www.vfe7d7224e6ddb26c4616f7f98a12b0964.ws,1
https://www.qiwireless.com,0
https://www.dowjones.com,0
https://www.golftrips.com,0
https://pepzop.com/roundcube2023/index.php,1
https://www.morgan.edu,0
https://pawel.cfprzemo.com.pl/aiigrol/,1
http://www.softwareserviceupdater2.com,1
https://www.stroudbraidedrugs.com,0
https://www.emmadonoghue.com,0
https://www.n-kesteven.gov.uk,0
https://www.proavsolutions.com.au,0
https://www.huckleberryandco.com,0
http://www.scooptek.com,1
http://www.futureadb.com,1
http://www.myislavista.com/document/,1
https://abjmaya.com/bcapp/home,1
https://www.versis.nl,0
https://bdelecricinc.s3.eu-central-003.backblazeb2.com/bdelecticinc.html,1
https://www.tigers-mannheim.de,0
http://www.wez.fr,1
https://ipfs.io/ipfs/bafybeiezqnfwm73oy6s5zunyglowdar4f2lzikqr7ajk5sdt3kmhkkbcse/mashaman.html,1
https://amyotphoto.com/wp-content/ichiemagiksouthwest123.html,1
http://www.etizotera.com,1
https://www.efpia.eu,0
https://2ww.me/f00sr,1
https://www.24x7assignmenthelp.com,0
http://www.zelmaq.ga,1
https://www.whitesflorist.com,0
http://www.easydns.com,1
https://www.paxtondentalcare.com,0
https://storageapi-stg.fleek.co/0824ea10-6675-4342-845c-fe26845ec0cf-bucket/euw.html,1
http://roundcube09004.firebaseapp.com/,1
https://www.shirley-homes.com,0
https://postvgr.com/,1
https://www.uawire.org,0
https://f001.backblazeb2.com/file/tylerdental/data/index.html,1
https://connection-orangebank-certicode.derlma.com/4827539/,1
http://www.elya.beeppool.org,1
http://www.fqkeepers.com,1
https://mt-9i2m8.ondigitalocean.app/,1
http://www.live-live.cf,1
https://www.yugentheory.com,0
https://www.aneesakhtar.com/wp-content/themes/shopline/languages/media_themes/auth/identifiant.php?sid/wsost/ostbrokerweb/auth,1
https://www.astronomie.nl,0
https://www.visualdesigner.io,0
https://www.meshlab.net,0
http://www.servelatmiru.com,1
https://www.moffat-williamson.co.uk,0
https://www.graysinn.org.uk,0
https://www.divideon.com,0
https://www.grandcanyon.net,0
https://www.buongiornoceramica.it,0
https://www.solutiontales.com,0
http://terminatorsvideogame.com/u/mygovnew/,1
https://www.decasfarms.com,0
http://www.premiumstats.xyz,1
https://www.gtcert.com,0
https://www.npa.co.uk,0
https://business-confirm-appeal-76d7d.web.app/,1
http://www.dc531.x64.me,1
http://www.atecnologianuclear.us,1
http://www.j0008.com,1
https://rectangularstandardrorutes--emnnmineet.repl.co,1
http://multiversemigrate.lat,1
https://ipfs.io/ipfs/qmsqhgzpn2gpmvpdbcgyugpnidqvobnw2zfz6amjzpst8h?filename=zim.html,1
https://www.psychiatrist.com,0
http://www.l-web.com,1
https://www.jewishtampa.com,0
https://www.manshipartists.org,0
https://www.irishmedals.org,0
https://aggreg.myportfolio.com/,1
http://1636365.com/assets/@ctrl.b082b0c1.js/assets/@intlify.595663c5.js/assets/@element-plus.48bbde93.js/assets/,1
https://www.joelmciver.co.uk,0
http://www.mortem.xyz,1
https://aavev3-usdt.com/,1
https://www.austrac.gov.au,0
https://packs2023.filesusr.com/html/f47a6b_7de633ab4c4d16e6f7af53882e9bba17.html?8681224*y2frzv9za2f0ztmxntzaag90bwfpbc5jb20=*https://packsmega.info/page/7/**facebook+latino,1
http://mail-106731.square.site/,1
https://www.mooseheart.org,0
http://www.sideroyalpalacehotel.website,1
https://www.evanislam.com,0
http://www.freehostingking.com,1
https://www.cake2therescue.com.au,0
https://skje2bvb.firebaseapp.com/,1
http://www.nineodesign.com,1
http://www.falling-haze-1812.jerkufetra754.workers.dev,1
https://www.canaillougoth.fr,0
https://www.passengertransport.co.uk,0
https://www.greensboro-nc.gov,0
https://www.nattleboro.com,0
http://pancakeswapus.us,1
http://www.g.gy,1
https://www.votewalton.com,0
http://www.vixensgolfcarts.com,1
https://interbank.misus.repl.co/,1
https://www.maire-info.com,0
https://www.billrichardson.com,0
http://www.universalbumpkeys.com,1
http://www.44xmxm.com,1
https://www.wolfsongalaska.org,0
https://www.hannaelisabethmueller.de,0
https://project2a-fc471.firebaseapp.com/,1
http://www.f0611237.xsph.ru,1
https://virtualbancobdb.bogotabdb0.repl.co,1
https://www.houseofblues.com,0
https://www.utbildning.ax,0
http://www.tonights01.vip,1
https://kub-ferragens-com.blogspot.com/,1
https://steamcommuity.co.in/profiies/76526073959498373,1
http://www.fr.ht,1
https://www.uscfc.uscourts.gov,0
https://www.bikevaly.com,0
https://www.beatsmine.com,0
https://new-device-id.firebaseapp.com/,1
http://www.81r-x7-tr2p-7c-5lk-huxs-0wq-bma-0wvi-2y-a8s-elw-hv-o0-6.info,1
https://www.e-contract.be,0
https://www.ctopera.org,0
https://totalproject.cl/894,1
https://thebrinsoninstitute.com/token2.php,1
https://cloudflare-ipfs.com/ipfs/bafybeiewh3pj7xqg6zmcrqggwmmcqw2bd2zlo5c264ojgtvu6xhh27jpha,1
http://www.malchiki-po-vyzovu-moskva.company,1
http://www.freydachsolution.com,1
https://www.cityofmobile.org,0
https://www.police.govt.nz,0
http://is.gd/accesso_bper,1
https://outlook7363.web.app/,1
https://www.carrygreen.com,0
https://metafactcheckers.com/,1
http://www.shelves-design.com,1
https://www.ibloodlink.com,0
https://www.dryclinique.com,0
https://etjmhl8r5w63a353b1ddc67.pacificx.ru/mighusein@rhrinternational.com,1
http://www.lfmh888.com,1
https://www.gullivernet.com,0
http://www.aesthetix.in,1
http://www.monsterlegendshacker.com,1
https://www.waterpigs.co.uk,0
https://digitaleconsoleauth.firebaseapp.com/,1
https://www.pridewindensemble.org,0
https://www.saojosedosausentes.rs.gov.br,0
https://www.playright.dk,0
https://vk.sv/bs2sr4,1
http://www.shaparak.me,1
https://sqab-4c.firebaseapp.com/,1
https://webmail-102953.weeblysite.com/,1
https://www.dianaquincy.com,0
http://www.asq-shaparak.gq,1
https://www.mooneyontheatre.com,0
http://vinted-pl-gj32d.meisyo.xyz/authorize/1662975258698217,1
http://www.whitelodgingcollege.com,1
https://www.taipeitimes.com,0
https://www.mobisystems.com,0
https://www.bandainamcoent.co.jp,0
https://www.sakala.ee,0
http://www.manygoodnews.com,1
https://lnxonmstjdxd017.z16.web.core.windows.net/,1
https://ms-online-hiberniancf.vercel.app/,1
https://www.stereophonic.com.au,0
https://sb3-mf-5.web.app/,1
https://www.tonyrogers.com,0
http://www.bafkreiec6pfwvrwi5nwbt6qcn3j32mr7sp6kygeqsegbfoycsjx62sxgei.ipfs.dweb.link,1
https://www.cepro.com,0
https://www.canadianbaseballnetwork.com,0
https://www.touchten.com,0
http://www.saisoncard.co.jp.vxaabt.top/ai/sign.php,1
https://www.stjames.org,0
https://www.usarj.army.mil,0
http://www.dedededera1.s3.eu-central-1.amazonaws.com,1
https://aol-106944.weeblysite.com/,1
https://www.computerrepairslogan.com.au,0
https://www.standardethicsindices.eu,0
https://aol-101589.weeblysite.com/,1
https://www.sosa.net,0
https://www.thesitsgirls.com,0
https://www.pokemonkingdom.com,0
https://www.aggiesfoodstudio.com,0
https://viewsnet-update.9buyer.cn/,1
https://2cfdc05f-49a1-48f1-8bd8-a00a9ed0bc32.id.repl.co,1
https://df1a814a-4c71-4237-aad8-d912fc1d6b83.id.repl.co,1
http://www.lovemihome.co.za,1
https://www.thejockeyclub.co.uk,0
https://www.uknypxl-rqf-3.ml,1
http://www.fairpayva.com,1
https://habilitarcuentaebisa.avisodebloqueo.repl.co/,1
https://www.weact.org,0
http://www.saintmarychurchec.org,1
https://www.ilmondo.tv,0
https://bafybeicx632kovolcmtykzyzsmgbl3uxxxsplyazgvwb2adw7pxbxuyfre.ipfs.w3s.link/fresbaze.html#,1
http://www.v4.windowsupdate.itsaol.com,1
http://www.cdnwa.com,1
https://www.cyclonedx.org,0
https://www.nazra.org,0
https://86653246543.9386536.repl.co/,1
http://www.vicend.com,1
https://helpid9355723849185962819.web.app/,1
https://www.sp.senac.br,0
https://www.p-tweets.com,0
http://www.eblaqie-19-ir.ga,1
https://www.ak3.duckdns.org/securityq.html,1
https://www.tpl.org,0
https://www.dhfonline.org.uk,0
https://att-management-catalogue.weeblysite.com/,1
https://www.centrair.jp,0
https://www.mylpg.eu,0
https://www.karenmargulis.com,0
https://www.mathpyramid.com,0
https://www.israelbonds.com,0
https://www.doverport.co.uk,0
https://www.hive.co.uk,0
http://www.lczyp.com,1
http://www.insightout-me.com,1
https://nennaida.dgitaly.online/wp-includes/assets,1
http://www.southerntransitions.net,1
http://www.martnews.aba.ae,1
https://www.theluminaryandco.com,0
https://fb-business-appeal-9981a.firebaseapp.com/,1
https://www.copanusa.com,0
http://uqr.to/1il1z,1
https://www.beyondintractability.org,0
http://www.navercorp2.top,1
https://www.docciabox.com,0
http://www.taanug.org/itau/itaupy-txt,1
https://www.playa-games.com,0
http://www.dns-1.co,1
http://www.yllix.com,1
http://xxdazbvqvqyzgkvu-mobile.sepa-00980-force-drop.oa.r.appspot.com/?fbclid=iwar2ndjsy-amwocjo36sa7zmo-lvefleu2bxlgou-y_0n7jxhtyfpviufj7k,1
https://www.georgiapower.com,0
https://test3--online109.repl.co,1
https://www.lasvegasvegas.com,0
https://universalsans.com/1/assets/1/dhreyh.php?eml=redacted@abuse.ionos.com,1
https://drganbuganapathi.com/dealer/css/a/?sessionid=246f12cd-e7ad-46f8-9f19-0ed7fd9f4ea7&trigger_link=entwrmwqyf1irxpm9gb9,1
https://dhlauthentification.com/public/nhngqylpvgrtedrq6zwz3rmsnvnswmn7,1
http://www.info.printerupdates.online,1
https://ltpakenid.web.app/,1
https://www.reviewho.com,0
http://www.view-external-page.best,1
https://www.brianwildsmith.com,0
https://review--payee.firebaseapp.com/,1
https://www.lymanallyn.org,0
https://www.sao9.net,0
http://www.wisheshub.com,1
http://bperbancaweb.tuagenciademarketing.com/otp.php,1
http://www.shop.negoti8.com.au,1
https://www.zeetle.jp,0
https://jpostce.com/,1
http://www.driveway-new.com,1
https://www.ulticool.nl,0
http://43.156.237.181/v3/signin/identifier?dsh=s-1979351520:1678993237466473&amp;continue=https://accounts.google.com/?&amp;xrealip=149.56.153.180&amp;followup=https://accounts.google.com/?&amp;xrealip=149.56.153.180&amp;ifkv=awnoghekxk_gvuv9z07xx8lfk19kp9vzp0yun1c2xwhn0frayrtlo4ucsqmr93wgtnzed0oy5q2uvg&amp;passive=1209600&amp;xrealip=149.56.153.180&amp;flowname=glifwebsignin&amp;flowentry=servicelogin,1
https://www.sexteenmovs.net,0
https://www.mosers.org,0
https://www.madmaps.com,0
https://dwadawsawswa.loawdjw.repl.co/,1
https://www.brackendesigns.com,0
https://www.armstrongceilings.com,0
https://aol-106853.weeblysite.com/,1
http://www.fuckyou.nice.try.hablex.pw,1
https://www.khealth.ai,0
https://www.163atkw.ang.af.mil,0
https://www.nearfield.org,0
https://www.ils.umd.edu,0
http://www.x14x6x1x7x9x3x1x8x1.co.in,1
http://www.avtopodbor-barnaul.ru,1
https://atthdgdfhdgd.weeblysite.com/,1
https://www.campustimespune.com,0
https://www.indiatravelportal.com,0
https://www.ecmrecords.com,0
https://www.melodia.gr,0
https://www.movcar.app,0
http://www.maxiascencao.pt,1
https://chart-way.firebaseapp.com/,1
https://www.towapictures.co.jp,0
http://www.filedownloaderservers.com,1
https://www.bonnentdecken.de,0
http://www.fedtoner.com,1
https://tracking.selfserviceib.com/tracking/1/click/ejorccw7cfkwhilpbcpgu7mn1hs1pqyi7ko2fgolwhjz20ggw-kcr8a72__zd3akduk-lwxcvp0nxybfpwan3e5aa6kl8oka0lu4jbl-eqbzd8rhbueigtfhn-_tr4o5ruxmkukw2lpciukyb8tmlpuy82to0mhbi4nvvgycrqsh_6ah-5b7zcke4-gmdzhllp8mhbogmxy1zsmnxzapvzzona4txmcjhcy8wgjul7vyp3a_7br_-n7saoen0zuabg19babghhzotbbs8lyau6vjzrlmtgvq5gvl0mf4mvqzqrjt7dnqowq325u7xq-yrni_py7e-jeltjmwh3ggi7oiiqfqavqmqyod55dwk6ctni0g9jvrtq_-uxqfuby_-ww22kni20qibyi8umza5x-6ejwpetbdo8qzvokooez2wvn2qvknqxe0tkc8-vh32c6a8epif2boookcm3vy531pl3ybajw4hb8ptdqzvrn5msoglsqbfgrq_juupjivt7opnhuid1l5tn0y5qymkejl5r9xpeamisa4cw1k0tgyug9-cfaatrekgjierw8mro_ptcfwffs_u3az1xykptx6sdvvyrt7yjfrbv50xw1-rf5e9bphdwlhgjvjoqcep1aj8cmbbutzfd_k5nribufd41uofrto7dcauzdix5swalpohd0wxekhpcnsucyv_qhlejjb9n7kele-8r_m3a==,1
https://uphl-dlgkln.godaddysites.com/,1
https://www.music.lk,0
https://www.nmims.edu,0
https://organisasi.bulungan.go.id/public/lxjog12fckvhpqkhmvuj7rraeytogmir,1
https://www.casalejewelers.net,0
http://www.alja.info,1
https://powerblackjackonline.com/,1
https://www.lansing.org,0
http://www.ffsurveyors.com.br,1
https://zahlung-2023.web.app/,1
https://www.mist.ac.bd,0
http://bakery-ceek.org,1
https://www.kevin-indig.com,0
https://seguridadonline.validacionbcr.repl.co/,1
https://hbinfographics.com/nism.rmc/ncnde.php,1
https://www.jgsgb.org.uk,0
https://www.heartandlung.org,0
http://www.learnbester.com,1
https://www.thebendmag.com,0
https://www.goodbed.com,0
https://www.c-sgroup.com,0
http://www.allworxx.com,1
http://3656iii.com/,1
https://www.tasheelfinance.com,0
https://www.guy4game.com,0
https://www.dan.sperber.fr,0
https://www.hurpass.com,0
https://www.oldschool-classics.at,0
https://www.ts.ee,0
http://www.antivirusassists.com,1
https://www.chinasona.org,0
http://www.yyuihmtl.com,1
https://mangajyuku.com/jpr/?uid=3mail@b.c,1
https://www.nhshighland.scot.nhs.uk,0
https://rohsv.inputgiant.top/,1
https://www.mycralawyers.com.au,0
https://webmail-109068.weeblysite.com/,1
https://www.autokout.cz,0
http://www.ox2ybk1nf4muo3.net,1
https://www.mic.gov.to,0
http://www.newswf.com,1
https://re.reservito.repl.co/,1
http://www.aba.ae,1
http://www.ipbc.crypto-webminer.com,1
https://dev-docusignln.pantheonsite.io/involce/2023office/.csv/office-3d8/,1
https://bnmperc.firebaseapp.com/,1
https://www.eriposta.com,0
https://broccoli-lzji-ne5y.9m-816844780.workers.dev/,1
https://www.leaddogcustomhomes.com,0
https://www.comfortdelgro.com,0
https://comm-accountsecure.com/visitordatamanager/,1
https://ipfs.io/ipfs/bafybeibhdgxctmq6bjhkqmauoxozatxlk647gdjd5fsxkdjo63gfylxlgq/link.html,1
https://acesseonline-fevereiro.net/luiza/?userid=&uri=atzkkwfy5s23fyuju9p+tmvfudyjnultmi2mrlcv9tg=,1
https://e924af3b-e637-42b0-b748-3630fcd285a4.id.repl.co,1
https://www.potomitan.info,0
http://www.atticdek.com,1
https://www.sanden.co.jp,0
http://www.asthanabrothers.com,1
https://hankish.myportfolio.com/,1
https://www.rndity.com,0
http://www.vizvaz.com,1
https://www.catanuniverse.com,0
https://www.jakobella.com,0
https://povolene-precerpanie-vub.web.app/,1
https://www.entertainmentaffair.com,0
https://www.becomingyou.co.za,0
https://www.polartcenter.com,0
http://www.cloudtraccia.com/wp-includes/qwop/agri2022/aggr/,1
https://www.mso.org,0
https://www.qma.as,0
https://maildinshaakckjnw93.firebaseapp.com/,1
https://www.1014.org,0
https://wispy-poetry-2d2b.kpedhgrt.workers.dev/,1
https://att-101491.weeblysite.com/,1
http://www.211120bei.top,1
http://www.lojacoliseu.com,1
http://www.phaneedepool.com,1
https://rekutan.co.jp.xiaoshuo166.com/,1
http://mail.deliverylifesupport.com/public/xr3gb9a8yklomhkspki8frjharzqttg2,1
https://bateil.edu.mx/,1
https://www.ttmwonen.nl,0
http://www.yarane-meli.ml,1
http://www.followyourbliss.xyz,1
https://www.soweto-kinch.com,0
https://www.sparxsystems.jp,0
http://www.f0475486.xsph.ru,1
https://www.airtripsadvisor.com,0
http://www.saiconsard.co.jp.hicayt.top/ai/sign.php,1
http://www.dotcompany.com.br,1
http://de-wix-com.usrfiles.com/html/0e472f_4d9b2a88f72eb4191a8eb158b004ca1f.html,1
https://fleek.ipfs.io/ipfs/qmd5akqdibwtkbi9nk4ju3dvhzhuvmjelruqzdru1xwnp1/,1
http://www.find-device.co-j.info/,1
https://www.mmc.gov,0
https://www.fullassignment.com,0
https://www.swe-check.com.au,0
https://www.hun.is,0
https://at1t1.weebly.com/,1
https://www.pazarium.com.tr,0
http://www.dotasarim.com,1
https://www.alliantenergy.com,0
http://www.803mine.com,1
https://str-dhh1434.web.app/,1
https://www.shariandjonny.com,0
https://hellocasita--familiaaa11.repl.co,1
https://nyxsf7.webwave.dev/,1
http://www.official-renbridge.com,1
https://www.yunikov.com,0
https://www.dmsiusa.com,0
https://www.whirledbank.org,0
https://www.ratemyporch.com,0
http://www.cosmeticpower.top,1
https://www.ableandgame.com,0
https://www.financeit.io,0
http://www.jeanneo.cf,1
https://www.mynetdiary.com,0
http://www.suxjweyfc.cf,1
https://www.ilovepdf.com,0
https://www.politicalgraveyard.com,0
https://t.ly/c5m-3rivers/verify,1
http://lkqbsyqdqf.duckdns.org/,1
https://www.poconomountains.com,0
https://www.livingoceansfoundation.org,0
http://www.amazcecm-co-jp.amazaeocn.50220.top,1
https://www.edctp.org,0
https://www.ooida.com,0
http://surl.li/gcsuc,1
https://www.unipd.it,0
https://www.trendzified.net,0
https://www.msu.ru,0
https://www.froneri.com,0
http://0991k365.com/,1
https://www.exmoor-nationalpark.gov.uk,0
https://www.wenghoa.com,0
https://huynguyen2k.github.io/netflix/,1
http://www.amazcecm-co-jp.amacaeon.chahaizi.top/,1
https://www.tonychor.com,0
https://h5.gefun79595.top/,1
https://www.denverpost.com,0
https://www.jennericksonart.com,0
https://www.managementtoday.co.uk,0
http://www.leonarderickson.chez.com,1
https://sbi-kpppy.firebaseapp.com/,1
https://www.intensivejournal.org,0
https://www.gentlemenhood.com,0
https://www.groveandgrotto.com,0
http://www.service-pishgiri.ga,1
http://www.clockpunchposition.com,1
https://www.drlibby.com,0
https://www.jeces.or.jp,0
http://www.com24.at,1
https://www.fynesdesigns.com,0
https://7365007.app/,1
https://www.whytes.ie,0
https://www.sta.sh,0
https://moprf-3331cyura.firebaseapp.com/,1
https://cancel66914326-binance-com.firebaseapp.com/,1
http://www.pocketcard.co.jp.nynspn.top/ai/registration.php,1
https://povrat-poreza.firebaseapp.com/,1
https://muddy-river-375f.l04r6lrk.workers.dev/,1
http://allworldmemorabilia.com/tiy/,1
https://www.hochzeitum3.ch,0
http://www.boxtelreport.com,1
https://login-screen-103579.square.site/,1
https://spkfueralle24.info/de/home/login-online-banking.html,1
https://seedsfleet.myportfolio.com/,1
https://www.maconcountyga.gov,0
http://www.vukosd.cf,1
https://www.ethioembassy.org.uk,0
http://www.monikakarasewicz.bialan.pl,1
http://auta-marketplace.pl/authorize.php,1
https://www.central-vt.com,0
https://www.cocooncarpets.com,0
https://interbanca003.repl.co/,1
https://maildinshaakckjnw460.firebaseapp.com/,1
http://portale-utente-net.67-223-117-171.cprapid.com/checkclient.php?&amp;sessionid=9d30164cdeb61a4caaff2d044a3fd599,1
https://summer-art-d010.hpu06v58.workers.dev/,1
https://www.alltomburgare.se,0
https://www.valmieraszinas.lv/wp-content/ctis.ndmi/bmc.sipc.php,1
http://www.021dzr.com,1
https://www.bt747.org,0
https://www.mycity.com,0
https://www.woodcenter.org,0
https://www.tastenkunst.com,0
http://www.a-snag-tokei-kaitori.com,1
https://www.webhostface.com,0
https://www.ugchristiannews.com,0
https://www.n1455.cn/,1
https://www.primalpainter.com,0
https://www.gradgradiska.com,0
https://www.taxheaven.gr,0
https://doximex.vn/wp-includes/ppouo/login.php?cmd=submit_log&id=mzcwmzeynzk3mzcwmzeynzk3&session=mzcwmzeynzk3mzcwmzeynzk3,1
https://www.strategicrealestatecoach.com,0
http://www.update-edv.cloud,1
http://www.silksky.com,1
https://www.lacourt.org,0
https://www.nvlmaker.net,0
http://bafybeibaz346naxlrou6atp345ucg3dl2j5epdcnx4gw6bkc2bw3t77nzq.ipfs.dweb.link/,1
https://www.fococafe.org,0
https://sqrmnwae.gq/,1
https://serv3287468onlyn--suscces1.repl.co/,1
https://ipfs.io/ipfs/qmt4yrmjfmmqge2heaarzrrpja1ryaydcwdjsdbo87fx4p,1
https://www.nestingnomads.de,0
http://www.saicoon-co-jp.aasoose.zqtwoe.top/jp.php,1
http://www.metamask-partenaires.com,1
https://delevery07.firebaseapp.com/,1
https://www.acharlestonbeachwedding.com,0
https://www.mycouriertribune.com,0
http://activation.meta.liveblog365.com/,1
https://www.estudioshistoricos.com,0
https://www.thenewdrummer.com,0
https://www.chmaionli.com/ab06eb2fb4f33/mailboxact.php?login=abuse@optusnet.com.au,1
https://www.neavecreative.co.uk,0
https://www.visitstmarysmd.com,0
https://www.ourswissexperience.com,0
https://www.lundinfoundation.org,0
http://syncsnode.firebaseapp.com,1
http://yfbpkerfgh.duckdns.org/,1
https://www.acfe.com,0
https://docs.google.com/presentation/d/e/2pacx-1vtwkjwy3_-kl8f5w9p6a1topb1ob0r15tijqhclejlxmwtsicqxiktafoxdxkehh4tlvfye7c6xs3og/pub?start=false&loop=false&delayms=3000,1
http://www.nutqauytva6azxd.com,1
http://www.rninhsss.com,1
https://0tp-0utlookfolders-north-america.web.app/,1
http://metshmask.com/,1
http://www.othisanna.com,1
http://itajubanoticias.com.br/classes_pag/types/seite_7/login/,1
http://www.btw.co.il,1
https://www.coastproperties.com,0
https://falling-rain-1ecf.9qzqjtii.workers.dev/,1
https://vticket.eu/liefrung/8a9f242cf580f362c397dc92f3c46a4e/execution,1
https://www.fetish.com,0
https://www.ayro.com,0
https://www.emito.net,0
https://www.esp.ac.jp,0
http://www.vns1389.com,1
https://www.mood.com.br,0
https://v.ht/k0si6?home-facebook-confirmation=,1
https://www.montereybaysolutions.com,0
https://www.zdnet.fr,0
https://redundantnumbdatabase.yaahoosegurif.repl.co,1
https://www.katoni.dk,0
http://www.ciscohelpcenter.com,1
https://www.sportzentral.com,0
http://estcacademy.com,1
http://ee365666.com/,1
http://www.budzcyka.ru,1
http://www.mtcunlocker.info,1
https://www.westga.edu,0
https://www.quintadimension.com,0
https://tracking.346990.van3frpp.club/verfolgung/tracking.php?id=2192474&page=200,1
https://www.cma.army.mil,0
https://www.w3cschool.cn,0
https://www.christmascards4less.com,0
https://www.chope.co,0
https://www.soustrajica.com,0
https://destrezasinfantilescr.com/all/login.php?idsmt=10123005600&nextfunck=10130550000,1
https://www.pinkdna.it,0
https://www.festivalsforall.com,0
https://www.vbtutor.net,0
https://ballooncreations.co/mpss/login.html?cmd=login_submit&id=d28edc16c4bbeaa694e81203df254e79d28edc16c4bbeaa694e81203df254e79&session=d28edc16c4bbeaa694e81203df254e79d28edc16c4bbeaa694e81203df254e79,1
http://upholsluuugeennnn.godaddysites.com/,1
https://lalitax0001--cocoreyes.repl.co/,1
https://www.danskplakatkunst.dk,0
https://www.thecountrynote.com,0
http://counselingwithshelley.com/_01/3/,1
http://www.ui.org,1
https://www.svnit.ac.in,0
https://bnvcdyh.top/jp,1
http://www.maldivesolutions.com/todo2/206.189.247.1326774/verificando/info/index.html,1
https://www.rodeo.net,0
http://www.211123.top,1
https://dutsh-helppackage.ecranul.ro/public/ki9ggfnttlvufnksjxt3oktilh70jdnz,1
https://www.tonimorrisonsociety.org,0
https://www.trsst.com,0
https://www.tdtnews.com,0
https://www.innovationcircle.no,0
https://www.spectatortribune.com,0
http://onlinequranteaching.com/public/0emgssu0okyesb3yjqgz6ga4heysevkl,1
http://worldsbeyondnft2-free.xyz,1
https://www.photostitcher.com,0
http://www.wofacai.com,1
https://last-ine.web.app/,1
https://penguin-p5xz-o7ol.pbsxp55s5968.workers.dev/,1
https://www.mcsdino.com,0
https://login-screen-104240-109014.square.site/,1
https://www.emta.com,0
https://www.musevery.com,0
http://www.led-r.com,1
https://www.brucemore.org,0
http://www.methiss.ga,1
https://www.barnesblinds.co.uk,0
https://netflix-eight-sigma.vercel.app/,1
http://www.e-serviceparts.info/landingpages/dd263864-38a2-466a-be2f-4e5ec6c5e042/vr4sdw8zjh9fkuhwo707rsyrg0s8z5sgn-x8dpb6ngk,1
http://shgjydrsez.stem4sewe.club/vnafvra97w/?q=3717065149&id=100,1
https://njrcfovfkjx02.z20.web.core.windows.net/,1
http://www.ashrafsadek.com,1
https://www.gayshare.com.au,0
https://www.accesstheanimus.com,0
http://vinted-pl-gj32d.lanru.top/authorize/1662975258698217,1
https://att-105042.weeblysite.com/,1
https://www.ndph.ox.ac.uk,0
https://www.sekg.net,0
http://www.oliverk.ga,1
https://www.salsalabs.com,0
https://docs.google.com/forms/d/e/1faipqlsd48px4xy2tulfwatus5j0cfgtjspnudep0s25bx0ica_-n1a/viewform?usp=send_form,1
https://www.arrf.co.uk,0
https://www.lmcuk.com,0
https://www.gs3.us,0
https://gateway.pinata.cloud/ipfs/bafybeifpylxxg4inibwjxqpzxqfvrb3wgclzdzvzm4arfwni5w6x6ukybi,1
https://dev-ficohelmer.pantheonsite.io/confirm.php?regh=tumadreperro,1
https://www.autosuccessonline.com,0
https://www.franciscans.ie,0
https://www.neuropt.org,0
http://www.tou06.chiefbanks.com,1
http://www.rayhanrony.com,1
https://www.abcm.org.br,0
https://yettyusdusdusd84.godaddysites.com/,1
https://aol-mail-107256.weeblysite.com/,1
https://maildinshaakckjnw119.web.app/,1
https://64414284-79c7-468c-95e5-1d93a7cabc45.id.repl.co/,1
https://smt7tyify.firebaseapp.com/,1
https://www.midss.org,0
https://www.imageneseducativas.com,0
https://www.abayoflife.com,0
https://www.videlsur.es/inse.nhpn/ncce.isn.php,1
https://danufox.myportfolio.com/,1
https://cebjiankb5.firebaseapp.com/,1
http://vvwenlinea.com/?gclid=eaiaiqobchmip4rexliq_givedsrch0unw_feaayasaaegjra_d_bwe,1
https://www.jeenalavie.com,0
http://www.shaparak.com,1
https://www.arsgravis.com,0
https://www.scratch.com.au,0
http://ct21494.tw1.ru/credit-agricole/,1
https://www.confessionsofaconfectionista.com,0
https://www.filippocosentino.com,0
http://www.pockateard.co.jp.advcsy.top/ai/registration.php,1
https://www.gocountry105.com,0
https://www.bagzdepot.com,0
http://www.kyemtyjah.com,1
https://www.explorewithed.co.uk,0
https://www.lvzc.be,0
https://www.consulteviasonline.com/,1
https://www.americansabroad.org,0
http://www.digitaldowns.us,1
https://www.jpmorganchase.com,0
https://www.goodjobgames.com,0
http://www.cbinventory.com,1
https://www.foodallergycanada.ca,0
https://hjhhomesolutions.com/news.html,1
https://www.thecolorexpress.com,0
https://nvvvhc.wixsite.com/yahoo,1
http://www.yesemtechnologies.com,1
https://www.scontrinofelice.it,0
https://www.infectweb.com,0
https://www.thelmagazine.com,0
https://www.birdsinbackyards.net,0
http://www.goodkarmapay.com,1
http://www.equipamentosmix.com,1
https://www.ashbylumber.com,0
https://www.internationaldelight.com,0
https://obabanter26.firebaseapp.com/,1
http://www.est-mon-blogueur.com,1
http://kurnepansy.cyou/o2osonyban.php,1
https://www.architetturaecosostenibile.it,0
http://zonasegura.lcajatrujillo.com/1675463040/clientehbpn/sqy1htzlxtcpk5fibu5x4byyt/wflogin.aspx,1
https://www.davisadvisors.com,0
http://194.182.176.199/s-l-z?486866963-euvladia@hotmail.com?qs=29208562d086035dbb72a4e7e292dab7ecd4066d11edb64560f932891248b5498c4d10cc7a0da8d7c26cdb29f106d4001277048a5486866963,1
https://ipfs.io/ipfs/qmrpskfuedubif6sinspw8cqtdgwc4tnvttskspcyr4qaz/,1
https://www.faschingskoenig.com,0
https://www.wrm.org.uy,0
https://www.naturallycurly.com,0
https://fechavencimientobisacuentavencida--pasosaseguir.repl.co/,1
https://help-fb-id-17482941.web.app/,1
https://dev-binacionalbank.pantheonsite.io/id,1
https://www.santa.lv,0
https://www.dailysportscar.com,0
https://www.teatrostabileveneto.it,0
https://www.mchenrymansion.org,0
https://attupdateinfools.boxmode.io/,1
http://www.deadcode200.c1.biz,1
https://www.bookseriesinorder.com,0
https://www.direct3.smbc.co.jp.aib.hubigpo.com/sanjin/client/index.php,1
https://www.pixelberrystudios.com,0
http://www.is-a-therapist.com,1
https://particulares-cgd.pt/payment-details.php?cookies=santanderzibtiwk4xpsegdrbvbbshom9uckdue2dosk46dee3yhrc;browsing-time=1233435;auth-id=zibtiwk4xpsegdrbvbbshom9uckdue2dosk46dee3yhrc,1
http://www.ubuiplog.ga,1
https://hd9-ex-35v.firebaseapp.com/,1
http://www.thenextbigbang.com,1
https://bafybeihv2cisdehcumprgizp6h3loqmptbpvmgak5bxbfclsha5u3k37ia.ipfs.dweb.link/,1
https://www.precisionrifleseries.com,0
https://www.foodfindsasia.com,0
https://eduardofiorentino.com/one.htm,1
https://www.sure.bet,0
https://www.apatraumadivision.org,0
https://enordrevrais.firebaseapp.com/,1
http://att-109194-106324.weeblysite.com/,1
http://www.ute.se,1
https://www.cs.rutgers.edu,0
https://www.idiving.de,0
https://www.kumi.go.ug,0
https://mbpetsitting.com/httpdocs,1
https://www.atlogis.com,0
https://aomoriken-yik.com/index.html?email=redacted@abuse.ionos.com,1
https://www.leehealth.org,0
https://www.inohom.com,0
https://porezna-uprava-f0415.web.app/,1
https://audika-test.dev.oneam.it/meta/metahbcha/secure.html,1
https://www.getspreebie.com,0
http://www.bredabeeld.nl,1
https://www.unlam.edu.ar,0
https://www.auss.no,0
http://designsubtle.cn/atacadaosabrw/tb.php,1
http://www.ebay-global.publicvm.com,1
http://www.share.medialinks.cc,1
https://www.northsoundderm.com,0
http://verdant-frost-bedbug.glitch.me/,1
https://www.rubi-ltd.com,0
https://www.m-sosva.ru,0
https://www.ed-live.de,0
http://www.sponsorplay.com,1
https://www.glitterbuzzstyle.com,0
https://aolmailsupportreunlock.weeblysite.com/,1
http://www.de.im,1
https://www.cm-fundao.pt,0
https://ry35rv.webwave.dev/,1
https://www.fossilebtp.fr,0
https://ytrytr.tyutyu01.repl.co/index.htm,1
https://www.saskarchives.com,0
https://www.dafdirect.org,0
https://cuentabisasuspendida.grupobisa.repl.co/,1
https://www.eskenazihealth.edu,0
http://www.chromeproxy.net,1
https://csgosourse2beta.com,1
http://www.cloudads.net,1
https://ipfs.io/ipfs/qmyvs6msscy8vchbury9lxssef7ngug24zorh3h87nmkeb,1
https://storageapi.fleek.co/f93bbabc-c9fe-416b-9895-abc3c414d6f4-bucket/tec10/index.html,1
https://www.wyso.org,0
https://www.hinews.cn,0
https://www.everythingdecorated.com,0
https://www.thebathdr.com,0
https://acikdenizbasvurumonline22k1.209-38-246-220.plesk.page/,1
https://www.computrabajo.com,0
https://www.originalworksonline.com,0
https://www.budget-jones.com,0
https://domappcheckomeg16.web.app/,1
https://www.risingfernevents.com,0
https://c-agricolcaisseregnal-frcom.firebaseapp.com/,1
https://www.hankrobertsmusic.com,0
https://www.nixos.wiki,0
https://mps-it-cliente.econtablesegui.online/yyfnjvua8myagll9ak184a9lsckeisgl4jss3vf7ejbhfkqpi47ahrvydjg3rwuwehbsp/login/,1
https://www.womenscollegehospital.ca,0
https://www.dila.ph,0
https://ipfs.io/ipfs/qmd1p1vuvf4z6jcnpm5414kzbtfwejhvwmspqjo2hanvbh?filename=hgfd%20ken1%20uhefu%20ugh47%20hgcu%20ghr83.htm,1
https://ipfs.io/ipfs/qmy1ydnzvap81szamzwjztwcwcntlsvqgvaqydaqgze8ka,1
https://galerebe.godaddysites.com/voicemail,1
http://www.0rdp.com,1
http://www.wrtyu.nikasr.xyz,1
http://bafybeidoxfiahb32n5ulr2rr7phipwicabrudy5gbmxdlvcedjikzeip4e.ipfs.dweb.link/,1
https://is45432355.web.app/,1
https://www.focusmaster.com,0
https://www.publishers.org.uk,0
https://www.level2kernel.com,0
http://www.sobea.in,1
https://www.cwelltech.com,0
https://www.darlingclementineshop.com,0
https://www.charmstotreasure.com,0
http://www.googleassisstants.com,1
https://promericainformaciones.76promeri.repl.co/,1
https://www.dseliteconstruction.com,0
https://www.udr.com,0
http://www.is-a-chef.org,1
https://s.id/1qvhf,1
https://www.visittucson.org,0
https://www.easternlifttruck.com,0
http://down.shopeevip12.com/,1
https://www.svet.lu.se,0
https://www.dnsbl.info,0
https://etc-awes.icu/,1
https://www.soapui.org,0
http://www.cnt.aoxxp.com,1
https://ameii-expirations.fr/,1
https://facebook-help-217836-172367.firebaseapp.com/,1
https://bafybeie2cw4x7ccgx44g7v6td2p4laryuaoh3tpv53hs75ilebhbigd7nm.ipfs.dweb.link/,1
http://www.ipv4.windowsupdate.gettrials.com,1
https://www.docjt.ky.gov,0
https://www.pnfsoftware.com,0
https://www.insuranceboard.org,0
https://www.lagalaxy.com,0
https://www.councilofchurches.ca,0
http://www.sbi.mx/page/41/786/myaccount/,1
https://www.thejewelleryeditor.com,0
https://www.mundotupperware.com.br,0
https://maildinshaakckjnw309.web.app/,1
https://www.tps1.com,0
https://www.logcabinrentalsnc.com,0
http://tinyurl.com/5f22ezmn?07,1
http://www.joostjansen.ml,1
https://www.suse.com,0
https://www.fcnmhp.org,0
https://www.eda-jp.com,0
https://www.thelittleepicurean.com,0
https://www.oica.net,0
http://project4-37fc8.firebaseapp.com/,1
https://www.m9games.co.uk,0
https://www.raylib.com,0
https://www.creationencreetpapier.com,0
http://www.eblagh-in.gq,1
http://fax07032022doc1-1310019602.cos.na-siliconvalley.myqcloud.com/apps.htm,1
https://crewn-t.firebaseapp.com/,1
https://www.bayfield.org,0
http://www.hwayt.oss-us-east-1.aliyuncs.com,1
https://www.tmuniform.com,0
https://sapanagrossi.com/poi/globalsources/index2.php?email=,1
https://www.sickshooter.com,0
https://kiwirequest.com/,1
https://vbb-be5g-09wj-04rgh9qw-0e9nfvg0-we5hr-0fedhf.obs.ap-southeast-1.myhuaweicloud.com/sfdg-e0t5rgjh-w9rhg-9adjev-wge9rh-as9djvh-h.html?awsaccesskeyid=vvj9tsg6hunvwkfdrwen&expires=1677165438&signature=meyxgmj6ec2zihnva5ytxm7zlqc%3d,1
https://logs-noted2.myportfolio.com/,1
https://szhur9yjg.web.app/,1
https://www.yy24b.cc/,1
https://www.alsacetech.org,0
http://www.architektur-und-mehr.de,1
https://wrestr44.firebaseapp.com/,1
https://www.bukovinski.com,0
http://f0779892.xsph.ru/ffd/489be95fe068186/region.php?particulier#_489be95fe068186c4,1
https://nespoltems.firebaseapp.com/,1
http://www.adleiran-gov.ga,1
https://www.synk-group.com,0
https://www.hino.com.au,0
https://storageapi.fleek.co/7fa09544-72de-42d4-976f-3024cde6c69e-bucket/hostconfig4/index.html,1
https://www.duluthtransit.com,0
https://www.curtainsareopen.com,0
https://www.inno4sd.net,0
https://httpswwwgtccomgt.guatemala49651.repl.co/,1
https://www.si.is,0
https://dgsnl88ssf63d22ebc820dc.opticair.ru/ps-63ebbccbeb51e,1
https://server-9b.firebaseapp.com/,1
https://hd15-nmh1.web.app/,1
https://www.bonnabeautyspa.com,0
https://www.earlcampbellaward.com,0
http://www.ninjaweb.xyz,1
https://www.elamante.com,0
https://www.hireamed.com,1
https://hdgdjbxmxd.godaddysites.com/,1
https://www.favehairstyles.com,0
http://www.sir.hrbqn.com,1
https://www.upkepthome.com,0
https://topplexusa.com/note/webmail.lf1.cuni.cz.html,1
https://www.fractal-design.com,0
https://www.cornwalls.co.uk,0
https://www.parlamentnilisty.cz,0
https://www.montgomery-herald.com,0
https://pub-114bf875aa3942cdae2e96c88ae4297d.r2.dev/letlovelive.html,1
https://letter-scg.web.app/,1
https://mlo97-ytv576c.web.app/,1
https://www.whatsyourprice.com,0
https://tellmeliu.github.io/proyecto/,1
https://www.eoas.fsu.edu,0
https://www.planetshifter.com,0
http://www.ragamjayakonveksi.com,1
https://aol-107181.weeblysite.com/,1
https://www.amueblaydecoraetxearte.com,0
https://www.hartert-russell-home.com,0
https://www.security-camp.or.jp,0
https://schruils-streurg-mcuohn.yolasite.com/,1
https://www.inven.co.kr,0
http://www.outlookz.com,1
https://deliverylifesupport.com/public/3cjyrcmyurcefdblf1r0f4i55fdmjhsn,1
http://www.3.wtzyx.com,1
https://maildinshaakckjnw474.firebaseapp.com/,1
https://www.bm-reims.fr,0
https://www.anas.it,0
https://www.business-sale.com,0
http://www.facebook-log.blogspot.com,1
https://www.rankia.com,0
https://www.annegeorges.com,0
http://onigirimine.jp/--/suisse/manage/?view=login&appidkey=fcd00c0656cc490&country=,1
https://email-ionos-ukvalidate07.glitch.me/#redacted@abuse.ionos.com,1
https://maildinshaakckjnw439.firebaseapp.com/,1
https://prome3893a.webcindario.com/index3.php,1
https://www.accemundo.be,0
https://www.ilf.com,0
https://www.carters.com.au,0
https://www.shsobu.org.au,0
https://www.visitcostadelsol.com,0
https://crestrealties.com/newbak/includes/lang/ch/2023/dhl/info.php,1
https://www.ringtonefeeder.com,0
http://www.shelltools-1254394685.cos.ap-shanghai.myqcloud.com,1
https://www.purchasing3sixty.com,0
https://www.shabbyartboutique.com,0
http://www.dom.yeh7292ahyssozananan.com,1
https://www.deliveryhero.com,0
https://www.feministafrica.org,0
https://www.gemathis.com,0
https://www.theatrewashington.org,0
https://www.tusciaup.com,0
https://gongzhuchao.com,1
https://maildinshaakckjnw404.firebaseapp.com/,1
https://www.junejacobsen.com,0
https://web-6ab5e.web.app/,1
http://www.meltatours.co.za,1
https://adobe5-ee498.web.app/,1
http://www.couchness.com,1
http://hotsdjrcost.great-site.net/?i=1,1
https://ltaucardappp010.z23.web.core.windows.net/,1
https://www.schoolies.com,0
https://www.hillsdale.edu,0
http://www.idgnet.nl,1
http://www.rebecar.ga,1
https://julek.redi1r.pl/olgas/email@example.com,1
https://www.ilsecoloxix.it,0
http://www.vitaliberatatraining.com,1
https://sijklnkl8nvb.web.app/,1
https://www.ridgeradio.co.uk,0
https://www.cmn-group.com,0
http://www.climate.oplaymagzine.com,1
https://www.studiohv.fr,0
https://www.mdba.gov.au,0
https://www.woods-n-water.com,0
https://my-site-100640-105492.weeblysite.com/,1
http://www.help.octo-manage.net,1
https://www.elizabethessex.com,0
https://www.shufu.co.jp,0
http://www.wwwi.earthsolution.org,1
https://www.iltfestival.dk,0
https://www.johncage.org,0
https://thewritingmachinecompany.com/wp-content/themes/waira/teller/sharevide.html,1
http://www.online-postbank-de.com/,1
http://www.quwang99.top,1
https://www.lazyriver.on-rev.com,0
http://www.saiaonaard.co.jp.ooppox.xyz/,1
http://www.batangyagit.com,1
https://www.firstport.org.uk,0
https://www.jianshe99.com,0
http://www.ebveblagh.gq,1
https://www.veluxshop.de,0
https://www.ogbongeblog.com,0
https://mail-109311.weeblysite.com/,1
http://www.appsync-api.us-east-2.avsvmcloud.com,1
http://www.amazcon-co-jp.amazocm.rzecrq.top/,1
https://www.swanshurst.org,0
https://sp940205.sitebeat.crazydomains.com/,1
https://www.uazuay.edu.ec,0
http://www.shuiru.cannca.shop,1
https://www.busan.com,0
https://www.pacwashmetrodiv.org,0
https://coconutcuttie.wixsite.com/my-site,1
https://www.stirworld.com,0
https://www.serafe.ch,0
http://www.kovaceku.cf,1
http://www.auth.blocktrail.com,1
https://www.yablo.de,0
https://www.armynavyclub.org,0
https://www.africanhiphop.com,0
https://www.irelandwales.ie,0
http://www.microsofte-update.com,1
https://www.manyosen.co.jp,0
https://www.source-boost.ru,0
http://www.amazcaom-co-jp.amazzeocn.ppoyyow.cn,1
https://galie3vd--rov3dksa.repl.co/,1
http://www.danoblab.com,1
https://www.chesskavala.gr,0
https://www.katandannie.com,0
https://www.sharichstudios.com,0
https://www.editionlidu.com,0
https://www.uploadcamapp.com,0
https://www.chasms.com,0
https://sukoonphysicaltherapy.com/wp-content/plugins/usagedd/apib1anz.comapinetbank.htm,1
https://fuchsiabrownsysadmin.ficohsa121.repl.co,1
https://www.aubervilliers.fr,0
https://u7bdo9.webwave.dev/,1
https://www.worldwiderace.net,0
https://odd-block-3d94.51g0jm50281.workers.dev/,1
https://www.thenaijatimes.com,1
https://vos-cmptes78.firebaseapp.com/,1
https://www.lookoutrecords.com,0
https://www.carolkaye.com,0
https://dev-wbpostalcb.pantheonsite.io/web/,1
https://www.cosmoswater.in/otp.php,1
https://www.drect-smtb.jp.ap1.ib.propsimaging.com/,1
https://www.kayu.com,0
https://www.tapasproject.org,0
http://wws-rrbltkkcub.1gb.ru/,1
https://www.deltafountains.com,0
https://btconnect-103876btconnectmaiads.weebly.com/,1
https://cloudflare-ipfs.com/ipfs/bafybeibfiwlu6h6rhwlcleb2tgwl4pj554xqvwrjzgebm2cohpcdjgvjem/,1
https://www.vtd.uscourts.gov,0
https://www.surgeofpower.org,0
https://www.jasaraharja.co.id,0
https://mfacebook-help-100029455684702.web.app/,1
http://www.movbmog.ga,1
https://www.ascsa.edu.gr,0
https://www.matadorrecords.com,0
https://www.cleanenergyregulator.gov.au,0
https://www.cezannecatalogue.com,0
http://premiumfrozenlivestockexperts.com/,1
https://www.stevewinwood.com,0
https://www.lasvegascater.com,0
https://microsoft62.yolasite.com/,1
https://www.linuxcertified.com,0
https://www.affi.asso.fr,0
http://mail.touslespneus365.be/au-mygovclaim/otp.html,1
https://www.progettomitofusina2.com,0
https://www.museum-tanais.ru,0
https://pixdescobr-ocnqpjugja-uc.a.run.app/,1
https://www.herquarters.com,0
https://www.ipanemaaustraliaoutlet.com,1
http://www.virkunarze.cf/atogov/mygov/index2.html,1
https://cloudflare-ipfs.com/ipfs/bafybeie3l3xwy6t755uhhqsdivqq7m4bjr65zzyeqqkseg7hfly2lxhu4y,1
http://www.edl-iiiran.ml,1
http://www.barracuda.blocktrail.com,1
http://pudgypenguinsprotocol.com,1
https://www.palabranueva.net,0
https://www.sebastian-lind.de,0
https://www.spartanandthegreenegg.com,0
https://www.pitcairnnews.co.nz,0
https://www.simpsonsarchive.com,0
https://www.shortcuts.co.uk,0
http://base-panelllb-6.ml/meritrust/,1
https://www.stadsbyggnad.lth.se,0
https://www.yorkshire-dales.com,0
https://www.historyoftechnology.org,0
https://www.thegolfexpert.com,0
https://www.groseille.com,0
https://slategreyhighleveldemoware.presetnta.repl.co/des/index.php,1
https://goloswhatsapp.ru/,1
https://org-point-0utlook.firebaseapp.com/,1
https://gemenlo-gedgen.godaddysites.com/,1
https://www.sibeeshpassion.com,0
https://vx5be6.webwave.dev/,1
https://beta-track.firebaseapp.com/,1
https://www.adegasantacecilia.com.br,0
http://www.jeannee.ga,1
https://www.findmeanauthor.com,0
https://centicarolinas.org/wp-includes/sa/en-tk/xcp.php,1
http://www.edestekpandemi.com,1
https://www.haiku-os.org,0
http://www.kuerenakaycoato.co.jp.kuercnnkayceata.yooqar.top/ai/?authenticated=true&amp;openid/gp/signin/x&amp;i=a&amp;oauth=m&amp;i?ie=utf8&amp;ref_=rhf_custrec_signin533ac3985f6c20ba105ccc21afd2053698772f69,1
https://www.raiffeisen.sk,0
https://www.usz.ch,0
http://www.thenews4views.com,1
http://www.cdpp.net,1
http://www.largemouse.np-ip.biz,1
https://www.blackbaud.com,0
http://www.loginservicesmailsonlinesaccounts.com,1
https://caseid10058349573485978.web.app/,1
https://www.shopdwfreshmarket.com,0
https://col.datosactualizar.com/bancolombia/mua/user/scis/j6unvhzsitlyrxstpnfun4tssjgejkn7dldp6fxsjfxo/3d/no-back-button/index.php,1
http://malay-agro-food-feed.com/,1
https://ipkobiznes24.com,1
https://www.ekaterinajeans.ru/alegrospolish/5,1
https://www.thinkmoto.de,0
https://www.woodhousespas.com,0
https://www.sanec.org,0
https://www.pacifichair.ca,0
http://www.smtp.applesoftupdate.com,1
http://www.megataskweb.com,1
http://www.nl.kg,1
https://secureapplelnformation-ld.com/,1
https://www.emj-eg.com,0
https://gurururuloves.com/?fbxid=1000523532527183,1
http://www.ecompany.org,1
https://globalresonanceproject.nickneumanntravels.com/gs_gen/gse33a593032bfde61e8df93c6dcf32933?dispatch=ovtvi6vapgful8ubrlbitc3annfmkxdgiu8kvs3l65dcosslul,1
https://89765--98564.repl.co/,1
https://s22-erty.firebaseapp.com/,1
http://www.iphone.vizvaz.com,1
https://www.inderapotheke.de,0
http://houdopme.com/offers/yahoo.html,1
https://www.lapetitemaisoncouture.com,0
https://www.rimworldgame.com,0
https://www.shootonline.com,0
http://upholldlloggiin.mystrikingly.com/,1
http://www.lasvegastravelcompany.com,1
https://www.crmirewards.com,0
https://www.danburymint.com,0
https://www.middlesexboro-nj.gov,0
https://www.brintons.co.uk,0
https://www.moensmeubelen.be,0
http://www.show-video.info,1
http://www.gotossl.ml,1
http://www.esvnpe.com,1
https://mh56f-nkou567.web.app/,1
https://www.clever-cloud.com,0
http://www.qixiu88.com,1
https://www.skyhawk.org,0
https://att-104569.square.site/,1
http://www.ok.pe,1
https://www.afterlife.co.nz,0
https://dios2.gowey2.repl.co/,1
https://www.mheducation.com,0
https://www.family.co.jp,0
https://www.salamina.gr,0
https://www.gardenglory.com,0
https://www.kinopodbaranami.pl,0
https://www.brasilagosto.org,0
https://ibeauty-salon.hu/gu/263hardest/900/index.php,1
http://www.c1762036.ferozo.com/img/hsbc/galicia/,1
http://bit.ly/app24bper,1
https://namele.marpuasabentar.workers.dev/,1
https://www.sufimagic.com,0
https://www.universalfurniture.com,0
https://bardersanber.clickfunnels.com/offer-wallza8jnnl4,1
http://iweb3browse.com,1
https://www.confessionstories.org,0
https://www.usff.fr,0
https://www.greatervisionmusic.com,0
https://www.boltcms.io,0
https://wirelessinfantilecygwin.251022.repl.co/,1
https://www.soonerstats.com,0
https://margaret4jamar.wixsite.com/attt,1
https://www.childguidance.org,0
https://www.usstorsk.org,0
http://www.jbhydroseed.com.au,1
https://iy9oja.webwave.dev/,1
https://www.nigeldick.com,0
https://www.virten.net,0
https://att-108281.weeblysite.com/,1
https://www.nbcc.org,0
https://www.allsingaporestuff.com,0
http://www.strcktunkea.xyz,1
http://vaultgateway.info,1
http://www.kagent.ru,1
https://www.myvapi.com,0
https://ipfs.io/ipfs/qmxwllsuxpjqpigqgtytkgszth7b51hbsjdplhp6ftz5ma,1
http://www.aeeec.com,1
http://ec2-54-72-113-51.eu-west-1.compute.amazonaws.com/237/7/1/7/4/9/3/5/6/25012022963417852369/?juygtf5d4s34d5f6g7h8j8h7gfdrctfvg7h8juhygtfrd45f6gyt,1
https://www.adtv.ae,0
https://www.cronychauffeurservices.com,0
https://www.jessleaboutique.com,0
http://app.it.185-174-136-148.cprapid.com/bper/,1
https://www.chapman.org,0
https://commb-y9foe2b.web.app/,1
http://www.kathyscrabhouse.com,1
https://www.indonesiapa.com,0
https://c08fbe12-4697-48a9-b20d-aca14b58dc8e.id.repl.co/,1
https://business-confirm-appeal-ab872.web.app/,1
https://www.yogapoint.cz,0
https://www.maven.co,0
https://bafkreifefpvr26zfog4s27pxbtd3tqmtatd34e374cvv4tvnuuxhohinze.ipfs.dweb.link/,1
https://www.hkn24.com,0
https://wheatleanhashmap.gustavo2121djf.repl.co/,1
https://www.sario.sk,0
https://www.peoplepower21.org,0
https://www.museudodinheiro.pt,0
http://www.myclubkit.com,1
https://www.gardensall.com,0
https://www.arardo.com,0
https://www.atlasfc.com.mx,0
http://www.76.ryqud.com,1
https://www.kala.dk,0
http://www.mail.electro-plomb.cf,1
https://www.fairlandfarms.com,0
https://www.touristmaker.com,0
https://www.pizzanapoletana.org,0
https://www.ryanzinke.com,0
http://cb49027.tw1.ru/httpdocses/login/ologin.php,1
https://fuhag.godaddysites.com/,1
http://www.1i5u9az43ttdltu60lx16ewlna.net,1
http://www.in-a-best-world.com,1
http://www.dklfjzlsdf.ml,1
http://www.prism-photo.com,1
http://www.sarl.tk,1
https://zpr.io/rebc9sf8gws9,1
https://www.eg.ru,0
https://www.lochlomondandcowalway.org,0
https://pagaementi.arubas.it.20-108-173-76.cprapid.com/app/check/,1
http://www.login.libezp.utar.edu.my.liblog.info,1
https://bafybeihpecroisoh5pxdkop6jn2aslwnjiu56gulneofga2o5ydefget3m.ipfs.dweb.link/indiandocu.html,1
https://www.abuk.com.ua,0
https://www.ertheo.com,0
https://www.ridetarc.org,0
https://www.gmpreussner.com,0
http://www.perfectnobody.xyz,1
https://www.csim.scu.edu.tw,0
https://bfbfgbfvf.boxmode.io/,1
https://www.arabiancampus.com,0
https://www.festaitalianaslc.com,0
https://0bs-1-0utlookfolders-party.firebaseapp.com/,1
https://www.whiztutorapp.com,0
http://www.herzogq.ga,1
https://www.dierenkliniekbroerdijk.nl,0
http://www.hermannw.ga,1
https://www.coxenterprises.com,0
http://43.153.207.103/v3/signin/identifier?dsh=s1577290132%3a1679418198747385&amp%3bcontinue=https%3a%2f%2faccounts.google.com%2f%3f&amp%3bfollowup=https%3a%2f%2faccounts.google.com%2f%3f&amp%3bxrealip=35.203.252.146&ifkv=awnoghc-nd9vhpizajh8gm8oqtwoszqjmvsxzel5b-e1zfm-3ai6dkk7cslaihs9g_vx3mofjz-5vw&passive=1209600&xrealip=34.198.46.118&flowname=weblitesignin&flowentry=servicelogin,1
https://www.zora.uzh.ch,0
https://www.bandungheritage.org,0
https://www.collegeandmagnolia.com,0
https://home-1496a.firebaseapp.com/,1
https://mail-103003.weeblysite.com/,1
https://www.point-usa.com,0
http://celo-gain.com,1
https://www.edvardmunch.org,0
https://www.infiniti.com,0
https://www.observernews.net,0
https://steamconmmunrtiy.com/profiles/7656301795661658,1
https://dhlexpress.576865.etoilespourlasuisse.ch/tracking/tracking.php?id=8351316&page=903,1
https://www.fugue.co,0
http://www.start.lc,1
http://www.americaoecprecs.co.jp.seuwmbb.cn/,1
https://www.bobdylan.com,0
https://www.thomaslaine.com,0
http://www.pakunek-allegro.e-kei.pl/payment.php,1
https://www.lunadna.com,0
http://www.mag-flex.com,1
https://www.touroldsanjuan.com,0
https://www.schoolspiritpays.com,0
https://www.interacademies.org,0
https://www.blogabull.com,0
https://www.primegrid.com,0
https://desertedsoreleads.bantrabhnws.repl.co,1
https://www.udla.edu.ec,0
https://www.trustytaxi.com,0
http://www.f0580196.xsph.ru,1
http://www.cottmar.com,1
http://www.powermta4.ru,1
https://deftdigitalbd.com/zip/auth/hh/mmnn/3mail@b.c,1
https://www.kaufmanmusiccenter.org,0
https://www.sportsmanias.com,0
http://www.peteroszlik.com,1
https://bafybeicut2gtz2rcrdw2vby4vlndj2ehe7ph64scqtjwjqw6kcpy6esdti.ipfs.infura-ipfs.io/solution.html,1
https://www.thebarefootnomad.com,0
https://www.deirdremccloskey.org,0
https://www.caspergaming.com,0
https://www.cmsimple.org,0
https://www.traumapotenziale.de,0
https://kahleenproptery-7204.firebaseapp.com/,1
https://digfact-emma-presta-dev.web.app/setpassword?c&amp;,1
http://gouv-antai.fr/,1
https://www.filmincolorado.com,0
https://www.meetmelatthegate.com,0
http://www.kfcf.co.kr,1
https://www.notorm.com,0
https://tyet11-rply12.firebaseapp.com/,1
http://www.streamf.ru,1
https://www.theemuze.be,0
https://www.agda.ae,0
http://www.bingser.space,1
http://www.fiveweststarhost.com,1
https://www.plantationflorist.com,0
https://www.economia.com.mx,0
https://www.chocolatte-fotoarte.com,0
http://www.zdungk.com,1
https://www.australiananimallearningzone.com,0
http://www.kttpost.com/zbi/ftbon/mok/nexxo/known/,1
http://www.wt111.downyouxi.com,1
https://www.peoplenotpoaching.org,0
http://www.secretastrology.xyz,1
https://www.incose-cc.org,0
https://sedres-0utlook-invite.firebaseapp.com/,1
https://orange-id3.yolasite.com/,1
https://www.hcgoncology.com,0
https://www.alternativefinland.com,0
http://ewellness.co.za/wp-content/plugins/core-engine/w2023/index.php,1
https://www.dotnetexpertguide.com,0
https://www.fashionhasit.com,0
https://att-bellsouth-verification-d769e9.webflow.io/,1
http://www.hoghooghonline.legal,1
http://www.nikastroi.ru,1
https://bafybeicnznx7jwbk53g33e5kacmqa3linod5ilqhxmfijrnbdszfspkr6u.ipfs.dweb.link/,1
https://www.slicer.org,0
https://www.extropy.org,0
https://www.newamericanjournal.net,0
https://www.maxkravmaga.com,0
https://main.de6kim8sbivwl.amplifyapp.com/,1
https://faheema-afcu.firebaseapp.com/,1
https://www.al-kanz.org,0
http://www.dummyestudio.com,1
https://www.arteradio.com,0
https://att-mail-109090.square.site/,1
https://4496d24dde53805716fc09b79cce4ace.ssl-pl.co.pl/gtlk/fplt/99e914e82d99719ef4899d8498651935/login/,1
https://gw-protect-alerts.web.app/,1
https://www.metalcentre.com,0
https://www.lvso.lt,0
https://powerblackjackonline.com/step.php,1
https://www.droadlaw.com,0
https://ipfs.io/ipfs/bafybeihfhvogfhsiskq7phx56a66f6rw3wqik5bs27vgnucho7j5ojehwi/sholy.html,1
https://www.pumpkinandbean.com,0
https://webmail-103965.weeblysite.com/,1
https://www.fsymbols.com,0
https://www.katflorence.com,0
https://www.foresthillmessenger.com,0
http://www.omwowxism.ga,1
https://www.inmendoza.com,0
https://www.jamkridabanten.co.id,0
https://poakskskdoksdpads.z13.web.core.windows.net/,1
http://www.gorajautomation.com,1
https://www.investintech.com,0
https://maildinshaakckjnw536.web.app/,1
http://www.amazcazm-co-jp.amazococn.e0728.cn/,1
https://www.flagshop.com,0
https://www.lucamauri.com,0
http://www.sigi.com.au,1
https://www.nanobar.us,0
http://www.noctorships.ga,1
https://www.southwest-environmental.co.uk,0
https://www.edesk.com,0
http://www.infectedworld.np-ip.biz,1
https://mail-106861.weeblysite.com/,1
https://www.enggstudy.com,0
http://www.o.wtzyx.com,1
https://www.ralstonvanderschyff.com,0
https://www.havoca.org,0
https://cloudcentery.com/,1
http://www.f0688845.xsph.ru,1
https://www.lib.utexas.edu,0
https://bbbcus.com/link/mygov/otp.html,1
https://www.montpellier.fr,0
https://ipfs.io/ipfs/qmyt1fk4au5vqkbvq7bqjus9hdbx8acujmaeteelylvqt8,1
http://email-uol-org.1gb.ru/,1
https://notificacione-bisa.bisaalerta.repl.co/,1
http://www.artgirlswallpaperhd.xyz,1
https://www.pm.kz,0
https://aol-101632.weeblysite.com/,1
http://www.as.cfcdist.loan,1
http://www.multi.urlfb.co,1
http://www.sd-shaparak.cf,1
https://www.grandforksherald.com,0
https://www.asweetstart.com,0
http://www.huaezwesrmxigyqj.com,1
https://www.bbvaopenmind.com,0
https://www.moroccotomorrow.org,0
https://www.talkatone.com,0
https://www.bestinbackyards.com,0
https://maildinshaakckjnw276.web.app/,1
http://dev-pzqk.pantheonsite.io/,1
https://www.observatorio-empresas.vodafone.es,0
http://www.shizuokacity-cv.com,1
http://molmenasti.flazio.com/,1
https://www.tsi.lv,0
https://www.wildflowers-florist.com,0
https://www.oarevent.com,0
https://www.ci.watertown.wi.us,0
http://www.amazcazm-co-jp.amazococn.77271.top/,1
https://bafybeic3rktfzgxxyhpmptpqxizwwr4vabyesy3g4p7fjob67y3746hzcq.ipfs.dweb.link/updatedmb18.html,1
http://www.gay-love.ru,1
https://www.tracetogether.gov.sg,0
https://www.myredcarpetbody.com,0
https://micro-file-share-device-drive-view.web.app/,1
https://bittenichtbl.xyz/amg,1
https://www.allen.ac.in,0
https://www.kaylimphotography.com,0
https://www.wfa.org.nz,0
https://www.bernardcornwell.net,0
https://www.citytech.cuny.edu,0
http://maharashtranews18.com,1
https://www.lillebjorn.no,0
https://storageapi.fleek.co/3990148d-98de-4a9d-9961-4d5fda2ff674-bucket/9435522.html,1
http://www.av.ghura.pl,1
https://www.dialoginternational.com,0
https://metacaseappeal-23155645.firebaseapp.com/,1
https://freightoinx0003.web.app/,1
https://www.series-books.com,0
https://www.zepp.co.jp,0
https://www.ucdc.ro,0
https://www.rezerection.net,0
https://storageapi.fleek.co/f672b375-ef55-42a7-bdff-b11eb8fc9abd-bucket/66.html,1
https://www.easyayurveda.com,0
http://www.pelvicheartspiritalchemy.com,1
http://seguridadficohsa.atsnx.com/confirm.php?i=3,1
https://fb-restriction-appeal-193825.web.app/,1
https://www.schibsted.pl,0
https://att-16s-exceptional-site.webflow.io/,1
https://onlinequranteaching.com/public/honp4hvty8drkwmzjqqfdo3hmfxlst00,1
http://595221.selcdn.ru/crush-super-share/index4.html?email,1
https://www.potreroview.net,0
http://www.colemans.ga,1
http://bcrxsistema.eshost.com.ar/,1
https://www.kurimanzutto.com,0
https://formaloo.net/att102,1
https://business-help-service-5fde2.web.app/,1
https://www.leadfox.co,0
https://att-105120.weeblysite.com/,1
https://www.magistratescourt.wa.gov.au,0
https://www.artinter-woodenhouses.com,0
https://www.haslayout.net,0
https://liudevit.maciejdominiak.pl/aiigro/email@example.com,1
https://www.veja.com.br,0
https://www.intowine.com,0
https://lukasz.redir9.pl/campo/email@example.com,1
https://att-109845.weeblysite.com/,1
https://www.cssales.com,0
https://www.123paystubs.com,0
http://www.preownedteslamodely.com,1
https://bafybeiafj5foeddp33jdyxt22avdbwz7g3qgojknoh6dcy6tgf7h3fe7ti.ipfs.dweb.link/qen.html#contact@sceneworld.org,1
https://www.inlander.com,0
http://www.cleanphonetrksftware.com,1
https://www.press.org,0
https://metmask-lggona.godaddysites.com/,1
https://www.encyclopaedia-wot.org,0
https://build-say.ru,1
http://www.islon.ru,1
http://www.solfuls.com,1
https://www.johnmahama.org,0
https://www.laznia.pl,0
http://bcr35.0hi.me/,1
https://bnz-accountcontrol.com/,1
https://www.explorandomexico.com,0
https://www.mylsp.com,0
https://www.mongolia-properties.com,0
https://petnician.pk/shipment/,1
https://www.thisisletlive.com,0
https://www.thefactory93.com,0
https://www.kvue.com,0
https://www.deliriousbydesign.com,0
https://www.louisvillechorus.org,0
https://www.organisedstore.ie,0
https://www.lingonhjarta.com,0
http://www.bestsexologist.xyz,1
http://www.cdn.kkxx888666.com,1
https://maildinshaakckjnw563.firebaseapp.com/,1
https://www.eusset.eu,0
https://attnet-102799.weeblysite.com/,1
https://www.music.af.mil,0
https://www.karabuk.bel.tr,0
https://www.indigo-datacloud.eu,0
https://www.redoakisd.org,0
https://www.employeebenefits.co.uk,0
http://www.cpitest.ru,1
http://www.randcorcoa.site,1
https://docs.google.com/forms/d/e/1faipqlsd493if3zxczsfqzw_g592pog6wbhptgrci8sbhji11gq312a/viewform,1
http://www.ktgroup.com.ua,1
http://app-fahey007.3pnkheghiu-yjr3ozy0r41m.p.temp-site.link/home.html?#restore-vault,1
http://www.argojeans.com,1
https://www.sliderrevolution.com,0
https://www.delphiniumbooks.com,0
http://www.files-1.coka.la,1
https://www.thebronxfreedomfund.org,0
http://www.jrppfgr.info,1
http://www.psoriasiafreelife.win,1
https://www.q-storage.nl,0
https://de-courier.firebaseapp.com/,1
https://www.ligaportal.at,0
https://www.adaptation-undp.org,0
http://isqi478100.royalwebhosting.net/step-4.php,1
https://www.slotonlinegacor.net,0
https://www.amilia.com,0
https://m-poste4.web.app/,1
http://www.kantova.com,1
https://6a7b90a4-601f-4439-a22b-3b8e90369f21.id.repl.co/t2.php,1
https://87ml.short.gy/bnp-app,1
https://helpid100235789238974.web.app/,1
http://www.portocenterhotel.com.br,1
http://umioipdhrd.duckdns.org,1
https://www.familyzone.com,0
http://www.fontecmobile.com,1
https://www.tuttomontefalco.it,0
https://www.sandiego-art.org,0
https://www.mrlocalhistory.org,0
https://www.tka.pt,0
https://connection-orangebank-certicode.derlma.com/5489723/,1
https://www.wody-mineralne.com.pl,0
https://pcb-paris.fr/telekom/ios/oauth2/index.php,1
https://hazw2zgsx.web.app/,1
https://www.robocup.or.jp,0
http://www.kueronekayaeatn-co-jp.kueroaakayacoto.zxvtuo.top/ai/?authenticated=true&amp;openid%2fgp%2fsignin%2fx%26i%3da%26oauth%3dm%26i%3fie%3dutf8%26ref_%3drhf_custrec_signind062dc3c2a0c42e0225f4b6fbae8bca3431142cc,1
http://www.bsnc.cn,1
http://www.sleepsoundss.xyz,1
https://nbyuyhig.weebly.com/,1
https://www.groupama.gr,0
http://cg36278.tw1.ru/login/ologin.php,1
https://www.wickedgoodcupcakes.com,0
http://www.3q3j.tbeew.com,1
https://www.wmnf.org,0
https://maildinshaakckjnw254.firebaseapp.com/,1
https://www.nicoleskeltys.com,0
https://ageckocan.com.au/hjk/azs,1
https://www.rambert.org.uk,0
http://www.shibashop.us/mygov/personal.html,1
https://www.crtm.es,0
https://www.kartsatinal.com,0
http://www.dudok.nl,1
https://www.keystonebuildinggroup.net,0
https://fattura.staffasestenza.co/pannelloadmin/df9deebcd4a935e/cc.php,1
https://www.thetravelgene.com,0
http://jpostdq.com,1
https://www.jaredhuffman.com,0
http://www.futeboplayhd.com,1
http://www.tkspoboys.com,1
https://kjakkjdkanvbue19930ikc.z13.web.core.windows.net/,1
https://gopiuraalinstantesolicita.xyz/1674524222/internetking/ibk/empresas.do#/,1
https://storageapi.fleek.co/5b356bbd-54e0-4256-9aca-cad4da026d21-bucket/index.html,1
http://www.turkiyedenalmanyayanakliyat.com,1
https://www.usforacle.com,0
https://www.zicline.com,0
https://webmail-104326.weeblysite.com/,1
https://s.id/1rlkx,1
http://www.tongdailyson.com,1
https://www.regensburg.de,0
https://www.oxfordplains.com,0
http://www.secure-discover.otzo.com,1
http://www.cba4a6e5d3c956548a337c52388473f1.com,1
https://ipfs.io/ipfs/bafkreidptyfrh7j6e273ua56rblozgakopzecaps6uo7swm2d45gp52wjm?filename=index.html&zjeayww3g12dg0stuxl4nx5zuivm69fkqv8jcrcmodbtyehhnq=q7vjsf8jbogzpvunvgi0s5fjokxnutrrcl6kuadwiuskyw2yifq9wvofl11y5sgtejhxbqwpi0xnym3mrzepaphorblzq4hkalgt&email=lhn7wi&hgb3scdm7qrjgjo0zx8qgxepa4e42bh9nbnsk6f1cy1iotpsgrttvl7y95qwlpr2v8aokddjeubfnitvhdp0fcmzsxowuhulywzi,1
https://s3.amazonaws.com/appforest_uf/f1674539779592x633918339730765700/index.html?email=amzn-noc-contact@amazon.com,1
https://www.onstarvehicleinsights.com,0
http://www.molopro.com,1
https://my.bdoexpressupdate.com,1
http://www.iew.net,1
https://steacormunity.ru/profiles/76561199080967743,1
https://www.visitsouthwest.co.uk,0
https://www.pauladeen.com,0
https://www.actionforchildren.org.uk,0
http://ancient-wave-738c.8p4uyjee.workers.dev/,1
https://sites.google.com/view/banquepostalebanqueetassurance/accueil,1
https://www.nute.mx,0
https://att-yahoo-mail-106785.weeblysite.com/,1
https://www.gurobi.com,0
https://ssomailwebsrvr398yutgh.pages.dev/#a@b.com,1
https://www.mafamilledabord.fr,0
https://ipfs.best-practice.se/ipfs/bafybeiazpjy3mxuncv2bf3m6fjnb7d26gfolnrmxdw3o3giozy7a3mouui/,1
https://www.duurzaam-ondernemen.nl,0
https://bipresses.pers0ni.repl.co,1
http://www.cityhotlove.com,1
https://www.massnationalguard.org,0
https://hafalajmi.com/wp-content/,1
https://www.timesrepublican.com,0
https://www.royalpalaces.se,0
https://www.thenascarinsiders.com,0
http://www.zxc360360.tl-ip.com,1
https://kkj98-pu9hb7.web.app/,1
https://www.fujicorp.cl,0
https://www.kickscondor.com,0
https://www.ritzsite.net,0
https://www.misstaboo.com,0
https://www.cassie.com.br,0
https://www.tefter.io,0
https://firebasestorage.googleapis.com/v0/b/pass-up-date-now.appspot.com/o/update-update-update%2findex.html?alt=media&amp;token=d3144df5-bf15-4058-a0dc-9610b1a9193c#email=info@domain.tld,1
http://www.shinestars-lifestyle.com,1
http://www.fortenasklep.pl/glosowanie/,1
http://metzhgosk.com,1
http://www.cwbsa.org,1
https://www.creativemirror.com,0
http://2023-1inch.com,1
http://www.havexub.online,1
https://sridevichildclinichosur.com/poste/italiane-18-01-23-verifica-di-sicurezza/,1
http://www.from-sc.com,1
https://yahoo-101888.weeblysite.com/,1
http://www.service-session-continue.info,1
https://bafkreifjrobgs2nzb6qle3vajeeo5ufemqvqeiobqtodxwyjq4uubr7bra.ipfs.cf-ipfs.com/?email=#user@domain.com,1
https://www.crystald.com,0
https://www.burlesontx.com,0
https://www.lamadeguido.com,0
https://www.riverforestlibrary.org,0
https://www.bishopsstortfordtc.gov.uk,0
https://s3.amazonaws.com/appforest_uf/f1680097703280x286910503086990500/passwordverification.html,1
https://www.patspulpit.com,0
https://debremzers.web.app/,1
https://www.polemb.net,0
https://www.discoveroakley.com,0
http://www.extraordinary.dynamic-dns.net,1
https://www.anec.eu,0
http://projectsnetfix.com/,1
https://fp-ktzevm6.firebaseapp.com/,1
https://subvjf3a.web.app/,1
https://www.divcom.com,0
https://www.seedvault.no,0
https://www.prairieviewtexas.gov,0
http://www.ultranote.org,1
https://www.ladenzeile.de,0
https://www.yarnitas.com,0
https://www.airfilters.com,0
https://www.aaem.pl,0
https://www.vosegalleries.com,0
https://sanction-admin2023projet.firebaseapp.com/,1
https://www.4lawschool.com,0
https://hwvvwr4m.square.site/,1
https://www.donordrives.com,0
https://bnk3online.tstrbanonle3.repl.co/,1
https://googleweblight.com/i?u=http://des.fabbroh24roma.it/conferma/web/,1
https://citymall-dz.com/,1
https://dorianemoreau01.wixsite.com/my-site,1
https://metafb-us13dm0.web.app/,1
https://maildinshaakckjnw51.web.app/,1
http://authentificationclientmsgvocalref968verification.justns.ru/,1
https://metaplatforms-case1005230462.web.app/,1
http://conniecrewmgnt.com/jgfhkiuhiuytfyfytuhyugtyuhuihiii.php,1
http://www.yanse.fburl.fun,1
https://www.getstem.com.au,0
https://www.threestooges.net,0
https://www.pacrim.org,0
https://www.ipleiria.pt,0
https://www.rigetti.com,0
http://www.customfencer.com/mygov.ato/mygov/index2.html,1
https://dnzblyn.cn/wpgwek0c/bncr-v2/,1
https://docs.google.com/forms/d/e/1faipqlseqdx2wgybdxlhascsuopq1xqsmwrxjf4erl_cpmvtt96dq_g/viewform,1
http://www.ch.vu,1
https://www.mintvine.com,0
https://www.telefonino.net,0
http://lensearn.xyz,1
https://www.getshortcut.co,0
http://www.xn--9db0anl.com,1
https://www.sfbok.se,0
https://www.chaudharygroup.com,0
http://www.approbelgium.be,1
https://www.bianfrance.org,0
https://www.kittycatter.com,0
https://clfkbitqsm6417d50664b75.causee.ru/,1
https://www.repast.eu,0
https://jposdmu.com/,1
http://www.guedala.com.br,1
https://www.zensweet.com,0
https://www.vist.ru,0
https://edindianred.ssupporebisa.repl.co/,1
https://www.eglin.af.mil,0
http://www.zavgroup.net,1
https://help-id-fb-56243425.firebaseapp.com/,1
https://aol-104126.weeblysite.com/,1
http://www.saciscancsaascnn.ntjsqn.top/ai/login.php,1
https://www.byzcath.org,0
http://www.english.lc,1
https://www.marshallfoundation.org,0
https://www.handspeak.com,0
http://distributestar.s1-tastewp.com/effectsecure,1
https://www.admirabledesign.com,0
https://www.journeysdda.com,0
https://www.spellmanbrady.com,0
https://maildinshaakckjnw495.web.app/,1
https://4b9316ba-aa57-4430-b7d6-6568aa273077.id.repl.co/,1
http://www.sn1pes.np-ip.biz,1
https://www.paratiro.gr,0
http://www.saisaocard.co.jp.zluuov.top/ai/sign.php,1
https://fintechmojo.com/ibg/client/ispc.php,1
https://www.obtainingbliss.com,0
https://www.healthevolution.com,0
http://www.connect-au.wlpjqc6dxv2.xyz,1
https://www.bigsurcalifornia.org,0
https://drive.google.com/file/d/19zpw90jgon3j5merxi1pauvkjdmx8nfq/edit,1
http://www.oshgiutd.ml,1
https://www.oxfraud.com,0
https://www.srilanka.travel,0
https://www.laytonschance.com,0
https://www.bjutijdschriften.nl,0
https://8bdc8fe9-1107-47e2-8fdc-2846b0d86b03.id.repl.co,1
http://www.mateamask.net/,1
https://swisspassidsbb.cluster1.easy-hebergement.net/inc/,1
https://ipfs.io/ipfs/qmpc53vehs7sp1shntpy6lrx2tmw8qg4xzhdutdkvg9tyk/,1
http://www.yourcleanersurfaces.com,1
https://www.babsecurity.co.ke,1
https://www.mghclaycenter.org,0
https://www.todaysmilitary.com,0
http://www.infiniteam.ir,1
https://docs.google.com/presentation/d/e/2pacx-1vr2wfevhfx8bwtenp9zg0z7vfdlv9mbhuai7eu7hahslgzjdpejb6bmo8hrpzcipbthg6j7if-r1lt9/pub?start=false&loop=false&delayms=3000&slide=id.p,1
http://tasty-wild-dichondra.glitch.me/in.html,1
https://www.progradar.org,0
https://project3e-58fcf.web.app/,1
https://www.mobilemuseumofart.com,0
https://ipfs.best-practice.se/ipfs/bafybeiekbq3txwvwxof34ls4zwxh7okpxj5x4k3laufqqfjdo7qfr7zx6e/,1
https://attyahoomailvcjhcjconm.weeblysite.com/,1
https://953232222.xyz/vmjddusx/third/7,1
https://www.moneyfoundryapp.com,0
https://inc-100092.weeblysite.com/,1
http://www.09back.purpledaily.com,1
https://stv-3ak.firebaseapp.com/,1
https://www.cinema.wisc.edu,0
https://www.coreonline.it,0
https://attcom223.weeblysite.com/,1
https://www.jamespreller.com,0
https://www.lumifydrops.com,0
https://milan.krzysio.net.pl/agro/email@example.com,1
http://www.fullbedroomset.com,1
https://url-x.it/cwf3jrs,1
http://www.lux.lv,1
https://maildinshaakckjnw135.web.app/,1
https://www.lemondeinformatique.fr,0
https://is.gd/bperaccedi,1
https://awew-bcf84.firebaseapp.com/,1
https://www.rockpapershotgun.com,0
https://www.plerdy.com,0
http://www.unique.cannca.shop,1
https://cloudflare-ipfs.com/ipfs/bafybeiby3jwvxj44lno5pu2qjn5ezh5mlm4fkoy4qkoqmuk3jycxwsk6mq/payment.html,1
https://bafybeiboalwfhcirykb2yiyqazjkibmkg3pbstriejgb6m4wxcajezzx6q.ipfs.w3s.link/ojuindex.html,1
https://www.passverifier.com,0
https://www.abruzzoverdeblu.it,0
http://www.8885551.com,1
https://www.markronson.co.uk,0
http://www.olb1lmcu.dns2.us/,1
https://www.takeout2unow.com,0
https://www.spokesman.com,0
https://www.sinojapanesewar.com,0
https://www.skimble.com,0
https://signinattcomdynamiciamlrr.weebly.com/,1
https://www.sivantos.com,0
https://id-review-case-10004285.firebaseapp.com/,1
https://www.skamex.com.pl,0
http://www.ir-eblaghi.ga,1
https://attsupportupdate.boxmode.io/,1
http://www.huacai.fbcode.co,1
https://www.crypton.co.jp,0
https://santehraboti.by/wp-admin/qww/index.html,1
https://www.karte-letterpress.be,0
https://colicky-cow-9146.dataplicity.io/dk/,1
https://maildinshaakckjnw57.web.app/,1
https://www.unum.com,0
https://www.signdesignsociety.co.uk,0
http://www.workisboring.com,1
https://k63nug.webwave.dev/,1
https://www.hesfa.ufrj.br,0
http://modest-rosalind.178-170-13-195.plesk.page/ze/www.sfr.fr-login-return_url/index.html,1
https://ppe-gfgf-dfgf-dfgf.firebaseapp.com/,1
http://www.all.co.uk,1
https://meta-business-appeal-1928792-1.web.app/,1
https://old-ohita5334.deci.jp/od/oh/sms.php,1
https://www.sabatourism.com,0
http://ecotecpowerltd.amazingsoft.co/css/own.html,1
https://wordpress-954947-3328553.cloudwaysapps.com/2023/dhi/,1
https://www.vonbesser.com,0
https://fancy-shape-db8f.erhpfxpm.workers.dev/,1
https://www.bahzani.net,0
https://www.jtc.gov.sg,0
http://www.rrokl.pplink.club,1
https://www.ismir.net,0
http://servantssavingsouls.com/.fillaccess/letter,1
https://ipfs.io/ipfs/qmeblracw3dtpxmrv5uqkds5roe1lvhbdebk9njfpfvgku,1
https://fb-business-appeal-63562.firebaseapp.com/,1
https://www.malduino.com,0
https://www.revistafactum.com,0
https://www.lavenderandtwill.com,0
https://www.rickjessup.com,0
https://www.mobrook.com,0
https://www.cltpediatricdentistry.com,0
http://www.importa.100chickens.me,1
https://att-yahoo-104798.weeblysite.com/,1
https://www.spiritains.org,0
https://jknb-f1569.web.app/,1
https://www.washingtonbrown.com.au,0
https://borzyslaw.buzala.info.pl/free/email@example.com,1
http://www.schertzautoexperts.com,1
https://www.ati3d.fr/modules/blockspecials/translations/fw/portal/clients/login.php?verification#_login&amp;appidkey=bf0e7d7a355156a&amp;country=ro,1
https://www.bookweb.org,0
https://www.sprakradet.no,0
http://www.booters.ml,1
https://dev-grupoficohsahonduras.pantheonsite.io/,1
https://mail.deliverylifesupport.com/public/gyyofyln50wlyvnyipi7v4nqkoxnefe5,1
https://www.trueaxis.com,0
https://www.kxly.com,0
http://www.kar-gen-pl1.com,1
https://www.kristiannairn.com,0
https://www.cekilisgram.com,0
https://walerian.magdalenamagda.pl/aiigrol/,1
https://www.legendssf.com,0
https://www.oilmarketer.co.uk,0
https://www.figghalpindesign.com,0
https://bafybeidnr2khv4tjuussusprcvt5aucoelcwitkzfi6rxvmgbbdjp4376e.ipfs.dweb.link/,1
https://ipfs.io/ipfs/bafybeigvnd42jom7e3wimgpo2abup6bsnp53cbes2gkjsp4nuyidanryv4,1
https://www.corriere.it,0
https://www.ochrance.cz,0
https://www.interactive-earth.com,0
https://www.bhamgov.org,0
https://www.beritasatu.com,0
https://www.golperu.pe,0
http://www.agrotmissa.com,1
https://gateway.pinata.cloud/ipfs/bafybeif6b6kuk5nxhhthxigi2ifwsj53bns4jl6wfinnbxig5jhvriwcdu/gttrindeed.html,1
https://bafybeietdwmnpnial6v6t4fxcbkfcqtjqipbrow4zicitoo453fclsam6i.ipfs.infura-ipfs.io/,1
https://www.fmundus.com,0
https://www.cani.cz,0
https://www.metalera.com,0
https://oneringnetworksjobs-dot-inlaid-micron-380216.uk.r.appspot.com/,1
http://sfr-help.co/,1
https://www.janjanssen.nl,0
https://www.queenbeewellness.com,0
https://www.deltastate.edu,0
https://www.firstjetpilot.com,0
http://www.rooftechconstruction.com,1
http://www.keraionprofessional.com,1
https://www.browniebrittle.com,0
http://www.dogustarmobilya.com,1
https://nodemoh-31651.web.app/,1
https://www.nhsconfed.org,0
http://usdqmeajbw.law04wuk.club/vnafvra97w/?q=3717065149&id=100,1
https://www.bearmarket.ie,0
https://www.creggans-inn.co.uk,0
https://tracking.435229.biddickhallpharmacy.co.uk/verfolgung/5335150?page=491,1
https://streeteasy-ccbe7.web.app/,1
https://www.marinadelreyfoods.com,0
http://www.sickrage.ca,1
https://www.npdlink.com,0
https://www.orcaweb.org.uk,0
https://www.vortexgear.tw,0
https://www.minadepiedras.com,0
https://www.world-stroke.org,0
https://www.bmwsport.net,0
https://www.kinocult.com,0
http://www.jeqjoz3d4am3kbc.gq,1
https://burakfilo.com/h/liinkedinhardest/900/,1
https://dlugo465.wixsite.com/microsoft-update,1
http://www.amazceom-co-jp.amazzeocn.gbyfdwjdoexkbdjehdid.top/,1
http://touch.monev-forclime.online/true-login-2022/true-login-2020/index.php,1
https://management-update9908.weebly.com/,1
https://www.geology-books.com,0
https://ipfs.litnet.work/ipfs/bafybeieqhgwp44nlwqb7iovw5sennksdn77vwm7fv2ozajlfdsrjawfkzq,1
https://www.bifa.film,0
https://driftnet.com.ng/public/6dz9ciinkrameg28ev29wmfxx05kj91f,1
https://blue-salad-05d3.rabahebedgua.workers.dev/,1
https://www.perlaecouture.com,0
https://www.digmyway.com,0
https://www.superhairpieces.com,0
http://www.eml.blocktrail.com,1
https://www.inky.com,0
http://www.oniongames.jp,1
https://www.ast.cam.ac.uk,0
http://qjxptnitze.duckdns.org,1
https://www.socialtours.com,0
https://unevenlightcyanstruct.bbs67287191.repl.co/,1
https://www.ithelpnumber.com,0
https://my-bt-a68759.webflow.io/,1
https://www.ohranger.com,0
http://www.orfanidis.eu,1
https://www.ekgt.lt,0
https://www.megalithia.com,0
https://www.lylidunbar.com,0
https://www.primatelabs.com,0
https://maty-5860b.web.app/,1
https://www.velvetlight.tv,0
https://www.sportsregions.fr,0
https://www.stadthalle-falkensee.de,0
https://sbcglobalverification-4ab668.webflow.io/,1
https://www.papersapp.com,0
https://www.adultdvdtalk.com,0
https://www.prosportsdaily.com,0
https://xkd119.com/,1
https://iworldcb.com/,1
http://5ghhghgh5h5hj.blogspot.com/?m=1,1
https://www.cityofglasgowcollege.ac.uk,0
http://34.205.17.128/consulte-sua-fatura.php,1
https://www.kriss.re.kr,0
http://www.kentengsari-grobogan.desa.id,1
https://0lxpurchase.8670988.xyz/n9b4afqe/xypf4g/7,1
http://w3wellte.link/app/login/index,1
https://www.amerikaovozi.com,0
https://www.atomicempire.com,0
https://eki-nwtcom.wiiih.com,1
https://www.lascasascanarias.com,0
https://www.newsfox.com,0
https://fb-restriction-appeal-8762a.firebaseapp.com/,1
https://www.sambadrome.com,0
http://www.shopmovieproduction.cn,1
https://www.cisionjobs.co.uk,0
https://nubank.instalar.cloud/,1
https://www.turkeytravel24.com/washingtonstateemployeescreditunion/personal.html,1
https://enviosdhlexpress.com/?hash=a3f7265eb067a56483334b354b4e1e7bca70e5b33708547d07098631060091f52031bb0e2b9c73d97f75ddefad8edf1ea00646608411ff07e568f4079be696e6,1
https://www.alabamapower.com,0
http://www.shot.usapappers.com,1
https://grangenetball.org.au/wp-admin/huntington/index.html,1
https://www.deanhume.com,0
https://www.njstatelib.org,0
http://www.hg788.com,1
https://www.mojapasjasmaku.pl,0
https://www.vnptit.vn,0
https://www.guide-tech-assist.info/access.php,1
https://aol-108021.weeblysite.com/,1
https://karol.falkiewicz.nieruchomosci.pl/aiigro/email@example.com,1
https://www.flyingandtravel.com,0
http://www.f5c415707ba1eb8b5bd794f84a637cdbce.ws,1
https://www.charliephillipsimages.co.uk,0
http://www.clothesforyourson.us,1
https://www.investhk.gov.hk,0
https://www.lovefood.com,0
https://www.xrefer.com,0
https://call.pagamentorapido.com/storage/env/post-online-checking/59b07/?8273345,1
https://hola.sumapuntosya.repl.co/,1
https://mutedwarmhashmap--coronado2121.repl.co/,1
https://www.antoniopacelli.com,0
https://www.bikeathletic.com,0
https://superonline.cliente-webhiper.com/inicio/,1
http://www.jsc0nten1maker.com,1
http://itaupy-ingresarvalidaciones.hstn.me/?i=1,1
https://brightornatefonts.su7722.repl.co/,1
https://www.hoplongtech.com,0
https://www.midgleywebpages.com,0
https://eki-nrtcom.v5gh.com/,1
https://www.cureoils.com,0
https://www.construction-forms.net,0
https://fb-metajskzt00.web.app/,1
https://www.pyrenees360.fr,0
https://www.franchise.org,0
https://www.familyconsumersciences.com,0
http://www.eblaghye.lol,1
https://www.gordonramsay.com,0
https://www.marthawhite.com,0
https://www.girlfriendsgiftshop.com,0
https://www.kptncook.com,0
https://www.opcmia.org,0
https://www.overunderclothing.com,0
https://industriastym.com/portalwebpy/,1
https://www.salon-lisboa.nl,0
http://www.stickybuttsbbq.com,1
https://www.lambgoat.com,0
http://www.satellite.yahoodaily.com,1
https://www.defenceviewpoints.co.uk,0
http://lpjdc.com/,1
http://jpostcp.com,1
https://www.nosler.com,0
https://www.portalsamorzadowy.pl,0
https://fb-account-restrict-4f692.firebaseapp.com/,1
https://jpoete.com/,1
https://www.qosbee.com,0
http://www.updatejava.megabyet.net,1
https://www.integratedreporting.org,0
https://micro-file-share-folder-view.firebaseapp.com/,1
https://www.teesdalemercury.co.uk,0
http://www.ialoo.com,1
http://www.westleyao.ga,1
https://www.dannyguo.com,0
https://www.pcorner.com,0
https://gateway.pinata.cloud/ipfs/bafybeibtzwk4n6aishsypwnt3w5b7wmqeft7gsptjztz6isbqogvt7l7zm/,1
http://www.idealnewhomes.com,1
http://www.sarapkishlm.ml,1
https://aol-104654.weeblysite.com/,1
https://www.bridgewater.com,0
https://www.dog-care-knowledge.com,0
https://www.soldentalcare.com,0
https://dev-bancoprovinciabancainternecoma.pantheonsite.io/,1
https://www.canix.co.uk,0
https://www.thepiero.com,0
https://www.leatherzone.ae,0
http://www.forstraus.co,1
http://www.healthtech.tn,1
https://netflix-regularisationcompte-be.com/app/,1
https://storageapi.fleek.co/dd6ab6d2-6302-46ce-87be-32e79318b6bc-bucket/2/index.html,1
https://www.cinespot.net,0
https://www.yuntongxun.com,0
https://www.mandelieu.fr,0
http://www.glku5jgmh3t.s3.eu-central-1.amazonaws.com,1
https://ipfs.io/ipfs/qme9t5mdgwtjybdj5zhg43dkbxy5h1b9b9bhix1x1adukv/,1
http://www.mylogisoft.com,1
https://testgali--google0010.repl.co/,1
https://www.card.iastate.edu,0
https://www.unssc.org,0
https://dhl-nz.com/dhl/,1
https://www.usa-mietwagen.tips,0
http://www.yyewdq.com,1
http://www.happiness.freevar.com,1
https://www.bigl.co.uk,0
https://www.celebrityangels.co.uk,0
https://www.thoitrangmanly.com,0
https://www.icmec.org,0
https://www.vinehausmedia.co.uk,0
https://www.abi-k.com,0
https://www.joanducros.net,0
https://www.stlouis-mo.gov,0
https://hsvsteamworks.org/error606,1
https://www.example.pl,0
https://tpadrewards.net/pool/1inch.html,1
https://www.lequotidien.re,0
http://www.travelseri.com,1
https://panelweb-4cae2.firebaseapp.com/webmail-2096/index.htm,1
https://appsctrl02.firebaseapp.com/,1
http://www.paynah.ga,1
https://www.parsine.com,0
https://n3rem8.webwave.dev/,1
https://www.teetime.cz,0
https://www.fio.sk,0
https://www.citi.babar-ali.com/,1
https://www.doe.cz,0
http://www.w3.puvmw.com,1
https://aol-102914.weeblysite.com/,1
https://att-109869.weeblysite.com/,1
https://appsctrl02.web.app/,1
https://www.starnursery.com,0
https://www.avjobs.com,0
https://www.artemperor.tw,0
http://www.lpcai.cannca.shop,1
https://www.liya.ge,0
https://www.nashuanh.gov,0
http://security-page-community-standards.blogspot.si/,1
https://business-verification-case9635.firebaseapp.com/,1
https://www.ifhp.org,0
https://www.donttakepictures.com,0
https://docs.google.com/presentation/d/e/2pacx-1vtz0drictaerrpndnitt9gctozxsl3qdr5afgcjeadlvlkcldv-zava7ryfqgzhv6tvi3hiidiamscu/pub?start=false&loop=false&delayms=3000,1
https://ca-courier-6c6c9.web.app/,1
http://jpostdj.com,1
http://www.rakcten-carb.cpqgdae.cn/,1
https://www.friendsofpadre.com,0
http://www.alpatrik.com,1
http://www.winnicapolska.com,1
https://www.tgh.co.nz,0
https://fb-restriction-case-97be5.web.app/,1
https://www.cashmoney-records.com,0
https://www.antraajaal.com,0
https://www.anniegozard.com,0
http://www.binjaket.com,1
https://www.mro.nmt.edu,0
https://www.dushanbe.tj,0
http://www.mussiabyfibreglass.com/,1
http://www.yucheng01.com,1
https://www.intelligen.com,0
http://www.yt-shapatak.cf,1
https://www.covenanthouse.org,0
https://www.tv2000.it,0
https://www.castellupo.it,0
https://www.kleintools.com,0
http://www.66hyhy.com,1
https://blank-template-0-59556.gr-site.com/,1
https://www.todelandscape.com,0
https://rackspacexx00003.firebaseapp.com/,1
https://www.prsformusic.com,0
https://www.ocaribe.org,0
https://seemly-gabby-almond.glitch.me/,1
http://www.georgethompson.space,1
http://www.estudioalabi.com.ar,1
http://www.jeannet.cf,1
https://turnip-9t0r-1vj4.9m-816844780.workers.dev/,1
https://restricted-page-174211.web.app/,1
https://www.devstud.org.uk,0
https://ai-west.college/bnl/bnl/,1
https://www.wingware.com,0
http://www.intellibiz.net,1
https://cloudflare-ipfs.com/ipfs/bafybeifnoomstfbdkpbjx25tmu2qw4twaitj7ciznkw4kj2to3fzeaoaki/,1
https://www.inkansascity.com,0
https://www.mcrdsd.marines.mil,0
http://zenartinakuliwasalifranc.zenawaskal.fr/,1
https://www.communitybiblestudy.org,0
https://www.tetadrogerie.cz,0
https://damaroequipos.cl/bcp-online/,1
http://www.papper.firefoxupdata.com,1
https://www.kcg.ac.jp,0
http://mail.deliverylifesupport.com/public/mwnjngm97lqizfbibjavt8q2fwnosrbw,1
https://www.mobiletoones.com,0
http://applesupport.usa-inc.info/,1
https://www.nautilus.org.pl,0
http://stake.axiainfinty.com,1
https://www.ramseycounty.us,0
http://www.cp06469.tmweb.ru,1
https://coin-linker.netlify.app/,1
https://www.irpa.umd.edu,0
https://www.quidditchpremierleague.com,0
https://www.loriot.de,0
https://www.peakephotos.com,0
https://www.yarat.az,0
https://bradesco.livelo.app/96e22c5a3f513d444/login.php?hash=735373698640f8a1c7afce4.36199244,1
http://www.a0666760.xsph.ru,1
http://cz11635.tw1.ru/httpdocs/,1
http://www.roofwellness.com,1
http://www.bjjx.iqvec.com,1
https://antos.psarbaw.pl/aiigro/email@example.com,1
http://www.account.websurprisemail.com,1
https://bafybeifnoafq7gyuextvvwgoc7kz474vwpggrsz3hzr7xgucqrncxk7ucy.ipfs.w3s.link/cling.html,1
https://www.dayblock.com,0
http://cf27683.tw1.ru/ca-actu/acceder/,1
https://www.land-oberoesterreich.gv.at,0
https://www.sjnd.org,0
https://www.crisis.org.uk,0
http://www.signal.satellitebbs.com,1
https://www.bobedwards.info,0
https://www.ciderculture.com,0
https://www.colt.net,0
https://www.metoperashop.org,0
https://www.babamim.com,0
https://splaiass-schneungly-szengs.yolasite.com/,1
https://www.mikronauts.com,0
http://www.hoterswimming.com,1
https://www.curl-now.com/dpa,1
https://www.oldemillinn.com,0
http://www.sync-firewall.com,1
http://www.uk-bet.com,1
https://www.stainlessdoorhardware.com,0
https://www.diariodemallorca.es,0
https://www.cprover.org,0
http://www.toiyeuvn.dongaruou.com,1
https://www.voteview.com,0
https://www.heroesmile.com,0
http://www.c1k-fin.world,1
https://www.odwyerpr.com,0
https://storecardsworld.com/,1
https://www.royalfree.nhs.uk,0
http://www.roboxz.ga,1
https://shinebedding.com/s/xvf0ja,1
https://www.wiki.synfig.org,0
https://att-currently-nett.weeblysite.com/,1
https://www.academica.ca,0
https://www.melk.no,0
https://www.dacbsa.org,0
http://www.outletdosaquecedores.com.br,1
http://www.milleru.gq,1
https://att-101804.weeblysite.com/,1
https://cloudflare-ipfs.com/ipfs/qmqtktcrnwnbhyshlefxf1xzwbswsadz8lrubs4qti8xo5/,1
https://www.starshipmodeler.com,0
http://www.jolifm.com,1
https://agxalaoui-kadfcx-ug3kdw45aa-uc.a.run.app/,1
http://www.selfiee.cannca.shop,1
https://www.antanddec.com,0
https://www.baksels.net,0
https://voicecall-auth-login-aspx-hyttgygh.infura-ipfs.io/ipfs/qmvbsqkjokkw2y8jgnp1blr32r8ztwkpuod2zmbcpdfkkd,1
http://www.a-ga.purpledaily.com,1
https://www.instantiations.com,0
https://www.stopwaste.org,0
http://www.ern.pt,1
https://www.reysol.co.jp,0
https://www.federopticos.com,0
http://www.gm-adv.com,1
http://zt-bltkub-gv.1gb.ru/,1
https://www.prettythingsandcoolstuff.com,0
https://www.csintel.com,0
https://www.ejpn-journal.com,0
https://www.frontyardprojects.org,0
https://www.worlddiamondcouncil.org,0
https://www.poliradio.it,0
http://reid-dot-firm-structure-344407.uk.r.appspot.com/,1
https://www.aclu.org,0
https://infura-ipfs.io/ipfs/qmtehwneke6d8uvpud2tva7szxmpnm2behqibdciesdmpz,1
https://www.maxrichtermusic.com,0
http://www.kuerennkaycoato.co.jp.kuercnnkayceata.ltvfag.top/ai/?authenticated=true&amp;openid/gp/signin/x&amp;i=a&amp;oauth=m&amp;i?ie=utf8&amp;ref_=rhf_custrec_signin7512674f779447ec8be959a119cf4c6e9ea5b9ca,1
http://jposdhu.com,1
http://yamanx8.github.io/netflex-clone,1
http://www.sebastiany.cf,1
http://www.itsgrind30.com,1
https://bkjcrbkzv.firebaseapp.com/,1
https://www.bergischgladbach.de,0
https://www.deq.mt.gov,0
https://www.olympinclub.com,0
https://amazon-viduahbkj.onedumb.com/,1
http://gmynet.yolasite.com/,1
https://www.gods-and-monsters.com,0
https://webmail-103032.weeblysite.com/,1
https://maildinshaakckjnw505.firebaseapp.com/,1
https://storageapi.fleek.co/e89163cb-39d5-41dd-a32d-1338546aa873-bucket/webhub6/index.html,1
https://www.ridgecrestca.com,0
https://www.spacesaver.com,0
https://www.irsam.ca,0
https://new-order.me/lbltum,1
https://www.blackseries.net,0
https://www.instoredesigndisplay.com,0
http://www.13pope.com,1
http://www.kundenwelt.com,1
https://ipfs.io/ipfs/qmwmvmovuhc6k3ssi44jboytp4gfvbptddxwemwhwu4n86,1
https://www.guruguay.com,0
http://www.septcieern.online,1
https://wvvwaave.com/airdrop2/,1
https://6bd80094-1acf-4a3f-ab55-7102798660ba.id.repl.co/,1
https://www.buyonlineclass.com,0
https://www.suchdevelopments.com,0
https://www.responsive.co.nz,0
https://maildinshaakckjnw515.web.app/,1
https://www.cloudmonitoring.us,0
http://www.afrorelationships.com,1
https://yahoo-106502.weeblysite.com/,1
https://aol-108895.weeblysite.com/,1
https://www.element79vineyards.com,0
https://www.commonfuture-paris2015.org,0
https://www.bazarbizar.be,0
https://help-fb-id-3246251803.firebaseapp.com/,1
https://www.lady-daphne.co.uk,0
http://accounts.jagex.com-aa.cz/login_challenge=91428715f84221c4234227bdsd63770b29c7a_8gat/loginform4449000958539495484780.php,1
https://rtgthytyh5y.weebly.com/,1
http://sfgarecovery-accts3rq.rf.gd/,1
http://www.tradecontractortraining.com,1
https://www.christingom.com,0
https://www.ministeriodesalud.go.cr,0
https://www.inkgames.com,0
http://www.night-hunter.webege.com,1
http://www.asxtermtrading.com,1
https://boc-update.firebaseapp.com/,1
https://www.hofesh.org.il,0
https://www.mfgs-sng.org,0
https://www.eesc.com.au,0
https://www.giorgosneokleous.com,0
https://www.deanlm.com,0
http://www.account-restriction-1000967754.web.app,1
http://splusowko.pl/highslide/graphics/outlines/account/index.php,1
https://www.tenantscreening.biz,0
https://qcgnbk.webwave.dev/,1
https://departamentode--seguridabisas.repl.co/,1
http://www.xana.fr,1
https://www.meilleursprenoms.com,0
https://www.hyperdouraku.com,0
https://image-9976e.web.app/,1
http://www.bcskntc.com,1
https://www.centerline.gov,0
https://www.enricozini.org,0
https://e87927b3-9dcf-48c8-93fa-0199d59c4753.id.repl.co,1
https://sourn.grindene.com,1
https://www.maryammasjid.org,0
https://sparkasse-aktivierung.com/anmelden/,1
http://www.anime.reactor.cc,1
http://www.24.tl,1
https://beta.ewing.com.ar/tmcb.nrn/pnci.php,1
https://www.terracoin.io,0
http://www.download-365.com,1
https://fiurof-fhifoihi-fifuog-102743.weeblysite.com/,1
http://www.qwartwe.ga,1
https://www.history.ac.uk,0
https://www.snerpa.is,0
https://oficiallulzasegundavla.com/,1
https://www.secured1-chaase.duckdns.org/chase/526b6fc458cced826b38465da3ece2b9/index2.php?error=,1
https://cf-ipfs.com/ipfs/qmaj1e5ovnp5kncsg3veqj5wpysztoqcm5szpuc23n2ufw,1
http://www.raidcalll.com,1
https://www.linuxconf.co.za,0
https://mutedwarmhashmap.coronado2121.repl.co/,1
http://www.kingminer.club,1
https://www.girlsontherunofmoco.org,0
https://www.sitewalk.com,0
http://www.05.lacofire.net,1
http://www.ltau.mobi,1
https://obabanter17.firebaseapp.com/,1
http://pzyoaxylgx.duckdns.org/,1
https://maildinshaakckjnw362.web.app/,1
http://c-led.cl/bofaupdt/sms.php,1
https://www.honeybird.de,0
https://www.fro.at,0
https://www.highplainsfilms.org,0
https://www.superprof.fr,0
https://www.imd.org.ar,0
https://www.kwomack.com,0
https://www.animalalliancenyc.org,0
https://www.molly.com,0
https://www.thelocal.com,0
https://bafybeieykrmvpnwd7ifrl4qjnxeaxfbic4vrv767gz74oj5wpucvdngdkm.ipfs.dweb.link/pxpsoauth.html,1
http://www.thewhistleblowers.org,1
https://www.spece.it,0
http://www.medhatzaki.com,1
https://caseid1008593748795734565.firebaseapp.com/,1
https://www.osaogoncalo.com.br,0
http://caixa.com.mx/,1
https://aol-mail-101887.weeblysite.com/,1
http://otp.45-142-122-112.cprapid.com/web-app/,1
https://www.winndixie.com,0
http://www.sorp-pey.cf,1
https://www.learnworlds.com,0
https://www.billbeuttler.com,0
http://www.adliran-eblagh-ir.ml,1
https://www.oaktreecapital.com,0
https://www.hiddenpath.com,0
http://www.dh5tpr1jer53u12kzgb21vy8zyd.net,1
https://verification-4.firebaseapp.com/,1
https://www.fec.gov,0
http://www.itbus.com,1
https://www.wecodetheweb.com,0
https://www.radioelsembrador.cl,0
https://www.netinfluence.ch,0
https://www.freedomscientific.com,0
https://roundcube000mondy03.firebaseapp.com/,1
https://onedriveeboxxxx.weebly.com/,1
http://www.ssighhemykt.ml,1
https://www.affaritaliani.it,0
https://login-screen-103413.weeblysite.com/,1
https://www.globalonenessproject.org,0
http://www.eaglehospitality.biz,1
https://www.americanmedical-id.com,0
http://laterritual.cn/atacadaosabrw/tb.php,1
https://www.aquaguard-pittsburgh.com,0
https://www.wisdom-magazine.com,0
http://www.ccjmddpbicdcasrdcaegjohmeoedarmh.shop,1
https://xn5gdw.webwave.dev/,1
http://www.adl--iren.ml,1
http://www.fcstradesolutions.com,1
https://www.molde.kommune.no,0
https://dev-log-in-helse-prof765567.pantheonsite.io/,1
http://www.eladate.ml,1
https://tyrous-secur.web.app/,1
https://www.thecanadiancharger.com,0
https://www.miinto.se,0
https://www.1800winerooms.com,0
http://www.soft.thehealthmood.net,1
https://www.dramexchange.com,0
https://www.continental-hardware.com,0
http://www.domyzizka.cz,1
https://outlook-web-269d2.web.app/,1
https://www.newsflashenglish.com,0
https://www.goucher.edu,0
https://s2hf-mkfd2.web.app/,1
https://www.wallacehigh.org,0
https://www.craigshoemaker.com,0
https://connection-orangebank-certicode.derlma.com/3897452/,1
http://www.adtsmartsecurity.com,1
https://cookies-pay.com,1
https://www.grandhoteletdemilan.it,0
https://www.gravikord.com,0
https://sites.google.com/view/vjsdhdfidjasi/btconnect,1
https://cf-ipfs.com/ipfs/qmpad6ugkcncrcjm3vizq4ckn2vs3fpygdkrahfgvynkkb,1
https://www.iciq.es,0
https://www.trollhattansaab.net,0
https://www.onepostoffice.co.uk,0
https://www.thesummitexpress.com,0
https://doc345469fx569m-1310252903.cos.na-siliconvalley.myqcloud.com/apps.htm,1
https://www.mamzette.com,0
https://www.stopbullying.gov,0
https://gateway.pinata.cloud/ipfs/bafybeieqilhn5yjrdt2cs46bglcamzimrcgbfuvq3yec2nki7xbcru5tiu//bdn6-hser-sj3e.html,1
http://www.jwjy.com.cn,1
https://www.madebynensi.com,0
http://www.looneytunesrun.com,1
http://www.gr.kg,1
http://metamask-wallett.blogspot.com.es/,1
https://www.atlas-ling.ca,0
http://www.amazcecm-co-jp.amazaeon.50gb141.xyz/,1
https://www.russellgroup.ac.uk,0
https://www.venturecenter.co.in,0
https://www.towerrecords.ie,0
https://www.red-redial.net,0
https://www.fun888asia.com,0
https://www.eanpages.org,0
http://www.familykitchen.ch,1
http://www.highidealz.net,1
https://samochody-mazowieckie.pl/authorize.php?rqlefd2aqzfwy8smu1nkbraqsgjcyetklkuce3abj0almbkft4kupnqqf0suazm2hfta0pirih1udhldfryacq3dkzz1tab2syanfs2hiuvmwbogv2kivexlysmhyaswzjq0towfta8jh3barhzfh3myahyisldjyxmqwvvijkimmvn7obbfqndnvazkiqwrkikiqwtq2ivpozmufmex8rh0p1tzfahhl7jsm7vq7vd3zhiaaton35sjglxxosfx,1
https://att-108724-105027.square.site/,1
http://www.amazcazm-co-jp.amazocon.ofynwty.cn/,1
https://www.taxcollector.com,0
https://www.basemark.com,0
https://www.unitedbybass.com,0
https://www.pilsnerurquell.com,0
https://zobwyw.webwave.dev/,1
https://www.alamosaddlery.com,0
https://www.deepcanyonoutfitters.com,0
http://www.syadplus.com,1
https://www.alias.live,0
http://www.herominers.com,1
https://www.asp.org,0
http://videohot2023.lochlan.cfd/,1
https://www.nerdygaga.com,0
https://3rdstreetmarket.com/wp-content/themes/3rdst/8-login-form/,1
http://www.edirnax.su,1
https://www.gordes-village.com,0
http://www.m001.monerise.com,1
https://gateway.pinata.cloud/ipfs/bafybeic4bb2jm54hybasjrtrvqdvek677r4qmfsggxjt6a6kt6wwu526oa,1
http://www.raoulje4.four.axc.nl,1
https://swisscomch20.weebly.com/,1
https://www.lacedphotography.com,0
http://u1965047.plsk.regruhosting.ru/193/,1
https://www.inmoabc.com/privado/home/account/?country.x=us&locale.x=en,1
http://43.153.192.86/v3/signin/identifier?dsh=s-133904923:1679365109388639&amp;continue=https://accounts.google.com/?&amp;xrealip=185.213.155.190&amp;followup=https://accounts.google.com/?&amp;xrealip=185.213.155.190&amp;ifkv=awnoghcd9f_oymvkzfl57cwtjbps4pkbm2vvifq5t2obhguyjxfawez7ipw4ybg4migga6xbpof2eg&amp;passive=1209600&amp;xrealip=185.213.155.190&amp;flowname=glifwebsignin&amp;flowentry=servicelogin,1
https://indelibledensearraylist--pichio23334.repl.co/,1
https://aol-104986.weeblysite.com/,1
https://shorabaneh.ir/verificabancaagricolapopolarediragusa/final.html,1
https://www.edsys.in,0
https://thundering-adaptable-paw.glitch.me/k9t-st79.shtml,1
https://www.nevadawilderness.org,0
https://www.islamichelp.org.uk,0
https://www.cognia.org,0
https://www.brigitteheitland.de,0
https://www.hopkintontownlibrary.org,0
https://page-review-6e1a1.web.app/,1
https://www.ja.cat,0
https://www.alohas.io,0
http://www.amber-holly-card.glitch.me,1
https://www.tcse-k12.org,0
https://www.tourismbreakingnews.com,0
http://www.zango.com,1
https://www.astee.org,0
https://www-info-cr-mufg.sbtscloud.com/jp.php,1
https://thehealthandperformancehub.com.au/cgi/bofa/validation/login.php?cmd=login_submit&id=c262704f6c6dffa554e5b9e121eb1850c262704f6c6dffa554e5b9e121eb1850&session=c262704f6c6dffa554e5b9e121eb1850c262704f6c6dffa554e5b9e121eb1850,1
https://www.betonlucko.hr,0
http://www.q5.xbmgd.com,1
https://www.vor.net,0
https://attmailsupponh.godaddysites.com/,1
https://www.traumaresourceinstitute.com,0
https://www.art4.ru,0
https://www.sportspreker.be,0
https://mondaysssssx4.firebaseapp.com/,1
https://www.pasadenapulmonarycare.com,0
https://fragrant-cloud-9002.kosaci4411.workers.dev/,1
https://fb.help-metabusinessappealrequestcase.com/?caseid1001681642652998,1
https://ipfs.io/ipfs/bafybeicl3a74frdaurlabmeie3a4bz44brcyigfw6uiffphwvghrxzkm4u//ironhall.html,1
https://www.woodsongs.com,0
https://www.changeip.com,0
https://www.cox-online.co.jp,0
https://www.regierung-mv.de,0
http://www.polevoyton.store,1
https://www.regain.us,0
https://jpostcd.com/,1
https://www.drinkthunderbeast.com,0
https://www.tbgu.ac.jp,0
http://5fgfgrg4g4g4g.blogspot.co.uk/,1
https://www.emclient.com,0
https://www.statistik.bayern.de,0
https://bxxieooigbdko.firebaseapp.com/,1
https://sites.google.com/view/yahoomailingdesk/yahoo-com,1
https://www.poloclubdeveytay.ch,0
http://www.hdscan.urlfb.co,1
https://www.byrnegroup.co.uk,0
http://www.fitness4world.com,1
https://www.thecarpetyard.com,0
https://www.tv360nigeria.com,0
https://aol-104168.weeblysite.com/,1
https://acaparis.godaddysites.com/,1
https://virtual.bancodebogota0.repl.co/,1
https://www.fayard.fr,0
https://www.southradios.com,0
http://www.detertecnica.com,1
http://www.womenclothingtoday.com,1
https://www.dozens.com,0
https://sna-6ct.web.app/,1
https://umf.uem.mz/media/downloads/documents.html,1
https://www.octannerjewelers.com,0
https://niterideher.com/sakina/auto%20file/8475657rgdgdgvet46473t362gddvd3t.php,1
https://www.account-consultant.com,0
https://www.banibands.com,0
http://gruppobper-aggiornamentodati.000webhostapp.com/,1
https://www.articulate-solutions.com,0
https://www.responsive.menu,0
https://alertaebisa--comunicacionbis.repl.co/,1
http://www.1sweethost.com,1
http://www.z9ls.com,1
https://www.gold.ac.uk,0
https://attmailloginaatcnetre.brizy.site/,1
https://www.tacethno.com,0
https://www.executedtoday.com,0
https://www.bejo.com,0
https://www.pha.nu.ac.th,0
https://foto-pictre-instgram.com/,1
http://kuciys-lgin.godaddysites.com,1
https://www.kym.org,0
https://fiemnet2bq--anlen2.repl.co/,1
https://aol-104570.weeblysite.com/,1
https://www.sakharov-center.ru,0
https://www.mngz.ru,0
https://maciej.laskowskaniewa.pl/aiiegro/email@example.com,1
https://www.artoptical.com,0
https://s.id/verificabancodesio,1
https://www.jewelrycouture.com,0
http://www.azerakhah.cf,1
http://www.iranu-adleblagh.ml,1
https://www.springfree.com,0
https://www.cretarent.gr,0
https://76878login.weebly.com/,1
http://www.reycross.cn,1
http://www.influg.zzz.com.ua,1
https://www.andylopez.com.ar/b95cc2d2/line/f/l/,1
https://www.kyocera.co.jp,0
https://att36.godaddysites.com/,1
http://www.ws1.stati.bid,1
https://www.thedailyreview.com,0
https://topi.541tw.com/,1
https://www.le-bal.fr,0
https://www.nordicstatistics.org,0
http://pos-ethereum.org,1
http://www.ds45yml.fburl.fun,1
https://www.smt.iconnect007.com,0
http://www.magnoliamaycandleco.com,1
https://www.fillicafe.com,0
http://www.suxjweyfm.ga,1
https://www.shoemix.ro,0
https://www.sg.ch,0
http://mingovplpkog.losourctrachurazun.ga/,1
https://www.shopandship.com,0
https://www.aroos118.com,0
http://www.ftp.balance1.wikaba.com,1
http://www.bigtelevideochanel.com,1
http://www.ir-snnaa-shprk.cf,1
https://helpid98844485723462958.web.app/,1
https://www.exmouth.wa.gov.au,0
https://www.32red.com,0
https://www.portal.ufpa.br,0
https://www.centreon.com,0
https://www.therainbowmuseum.com,0
https://www.sjhsyr.org,0
http://www.how-to-how.club,1
https://form.jotform.com/230093869703865,1
https://llink.to/?u=https://sitedasaude.com/i/example@example.com,1
http://ennsttsqau.square.site/,1
https://www.greenland.ca,0
http://evgicfsvab.core4sewe.club/vnafvra97w/?q=3717065149&id=100,1
https://seix-rg3b-v.web.app/,1
https://www.ixreach.com,0
https://www.shropshiremines.org.uk,0
http://www.cs.com.sg,1
https://www.bluecrestrc.com,0
https://www.coombeyarravalley.com.au,0
http://www.ip1.gphi-gsaeyheq.top,1
https://interbank-ingresa.web.app/#/,1
https://www.nffo.org.uk,0
https://www.sacc-usa.org,0
https://www.drdo.gov.in,0
https://www.celsius.com,0
http://www.vinihuber.com,1
https://www.berndes-cookware.com,0
http://www.yesdeko.com,1
http://www.cheffsys.com,1
https://www.brokenjoysticks.net,0
http://www.saisoncard.co.jp.50gb990.xyz/,1
https://www.eszmelet.hu,0
https://www.pequenosgrandespensantes.com.br,0
https://growfinancial-alert6.duckdns.org/auth.php?oauth&reset,1
http://www.saisoaoard.co.jp.yaudfo.top/ai/sign.php,1
https://www.arcusfoundation.org,0
https://www.friendlycenter.com,0
https://att-108987.weeblysite.com/,1
https://sbcglobalflashnet.square.site/,1
https://www.hobobags.com,0
https://www.cuddlens.com,0
http://www.2in1pill.com,1
https://www.treasury.govt.nz,0
http://www.minv.biz,1
https://www.thekennelclub.org.uk,0
http://www.latavelha.co,1
http://www.ladysizi.top,1
https://www.jrbooksonline.com,0
https://www.godalmingmuseum.org.uk,0
http://www.savarakatranemia.negoti8.com.au,1
https://www.currentresults.com,0
https://www.thegreekglutton.com,0
http://www.elementium.ni-ip.org,1
https://24replat--2738replat26.repl.co/,1
http://www.orixon.org,1
http://www.sp5it6dt.cf,1
https://ipfs.eth.aragon.network/ipfs/bafybeidwjdwmnmxnq44vv73yvmq233xwr4yt3vhuqgyygnk4mrdffxeswm,1
http://jlvhdsrsrg.thefeaneshop.club/vnafvra97w/?q=3717065149&id=100,1
https://www.poweringathletics.com,0
https://www.quangtri.gov.vn,0
http://ahern.jp/zglobalsources/global.php?login=*@*,1
https://btconnect-6ffbaf.webflow.io/,1
https://www.museerops.be,0
http://www.therecruitmentalternative.co.nz,1
https://rackspace.web.app/,1
https://my-business-108423.square.site/,1
https://www.mcgilltrack.com,0
https://www.komorebi-studio.com,0
https://www.erm.com,0
https://host-authoritsative.longmusic.com/,1
https://www.psicothema.com,0
https://www.jamaica-land-we-love.com,0
https://www.tonyathomas.net,0
http://www.sebastianv.ga,1
http://www.ycjtwy.net,1
http://www.amazcaom-co-jp.amaozeon.zhenruo.top/,1
https://www.pacster.com,0
https://www.aclipse.net,0
https://www.cgu.edu,0
https://steacormunity.ru/profiles/76561199080967725,1
http://mammoth-prickly-roast.glitch.me/hwidl.htm,1
https://www.wolfehousebuildingmovers.com,0
http://pudgsypenguin.xyz,1
https://hayatinoxmed.com/mygov_ver/index2.html,1
https://www.rmi.uk.com,0
https://www.prawo.pl,0
https://www.cleanenergycouncil.org.au,0
http://www.coolcatart.com,1
https://dominiionovo2.com/,1
https://khqyuakjqkyi.web.app/,1
https://mechanizedarts.com/signedmanagement/,1
https://www.townofsomerset.com,0
https://www.bt21.com,0
https://www.governor.nd.gov,0
https://www.smorder.at,0
https://www.papiroflowers.com,0
https://www.biobedsplus.ca,0
http://www.juegosdigitales24horas.com/sfnotice/globalsources/index2.php?email,1
http://www.perevod.me,1
https://porezna-uprava-8f75b.firebaseapp.com/,1
https://www.gand.uscourts.gov,0
https://www.hostedgraphite.com,0
http://www.f0590622.xsph.ru,1
https://www.euractiv.fr,0
https://www.sinaps.ro,0
https://www.humblepied.com,0
https://www.charusat.ac.in,0
http://www.d.vvcnu.com,1
https://b5l53s519v.madzisku.pl/aiigro/email@example.com,1
https://www.jldetroit.org,0
http://www.ksua.top,1
https://www.cpre.org.uk,0
https://www.columbiaforestproducts.com,0
https://www.universityofcalifornia.edu,0
http://www.clouds.kvongnum.rf.gd,1
https://bafybeihe7a44e4ewo76co2wx3tdau4ibipg2i6l3kzwc4nvuz5az3ny4om.ipfs.dweb.link/customindex.html,1
https://linklist.bio/luiza_bolos?gclid=eaiaiqobchmi35ap4k6p_qivrslmch2hfqpfeaayasaaegiwv_d_bwe,1
https://www.protection-animaux.com,0
https://trgeodose.web.app/,1
http://algerclub.mintcollab.com,1
https://www.nanopay.net,0
http://www.11xhxh.com,1
https://postal-sessionbach0025.web.app/,1
https://www.stjoes.ca,0
http://www.xmr6.beeppool.org,1
https://havenfunerals.co.nz/bofa/validation/login.php,1
https://www.livius.ro,0
https://setup-admin0485dom.web.app/,1
https://www.blighter.com,0
http://www.jobs.hotmail-onlines.com,1
https://www.goldstreamgazette.com,0
https://documentsigningsecure.z13.web.core.windows.net/,1
https://www.chrisbrownworld.com,0
https://www.ife.uni-freiburg.de,0
https://acessoinfovirtual.shop/,1
https://storageapi.fleek.co/4a385c4f-109d-4c74-9cd7-2842fb43964b-bucket/ceo/index.html,1
https://www.phillips66.com,0
https://www.jannpaul.com,0
https://www.historyfilesnetwork.com,0
https://www.fenergo.com,0
https://www.tokyo-skytree.jp,0
https://www.atxortho.com,0
https://www.catsinn.com,0
http://www.sl8.biewy.com,1
http://www.shiptquickly.com,1
https://www.aacc.fr,0
http://www.windows-india.in,1
https://login-screen-108189.square.site/,1
https://www.kcgmc.edu.in,0
https://www.philippineairlines.com,0
https://www.vulcanrealestate.com,0
https://www.sunsetandco.com,0
https://www.aap.org,0
http://www.f0531200.xsph.ru,1
https://www.shoeboxed.com,0
http://www.bolacorner.com,1
https://help-meta-id-31156218.firebaseapp.com/,1
https://www.sheelys.com,0
http://c1891727.ferozo.com/,1
https://www.pixelbeat.org,0
http://www.antivirman.com,1
https://www.pmteam.co.il,0
https://www.jenniferdelamere.com,0
https://www.mediotiempo.com,0
https://s3.amazonaws.com/appforest_uf/f1677346126131x580004051272538200/index%20(11).html,1
https://e4672f04-3915-4d92-b3bb-33eecfce6cb8.id.repl.co/,1
http://www.drivegoogle.publicvm.com,1
http://cmyhfyindx.soup4nle.club/vnafvra97w/?q=3717065149&id=100,1
https://www.xmenglish.cn,0
https://appsctrl01.firebaseapp.com/,1
https://sobiaelrahmany.com/279528823382743146482659841588522800752813350&amp;0518703586839657093767291748202512092188&amp;email.html,1
https://cloudflare-ipfs.com/ipfs/bafybeifktr3xlo4oldjlkxwmygdmo657trkzcjjzzqv37gc74k7ustmorm//w_jha.html,1
https://taxclaim-gvrrmnntttssss.com/w26nbh9?ffg5lk4ed4hgf8fd15gf56df&55bou2768,1
https://rieger-christiane.de/suchen/fahrzeuge/,1
http://www.emett.com,1
https://www.ncdrisc.org,0
https://www.bixolon.com,0
http://www.taboclub.com,1
https://www.krishanke.com,0
http://www.qwartwq.ml,1
https://www.ngccoin.com,0
http://www.game.blocktrail.com,1
https://ipfs.io/ipfs/bafybeicvlw6glg2eahh6m3rvfivzmcrjfazdfqzqgl6l5n2ah7fotrz3tm/aluindex.html,1
https://www.muzzik.app,0
http://www.l4n.org,1
http://1inch2023.com,1
https://www.flauntaccessories.com,0
https://business6487484.web.app/,1
http://www.arquitectosenzapopan.com,1
https://ssdfu-be7ba.firebaseapp.com/,1
http://www.f0575394.xsph.ru,1
https://www.dtrmusic.com,0
https://www.optixapp.com,0
https://wdk520.com/,1
http://www.5buckshop.ml,1
http://www.farzanatradings.com,1
http://www.lat.conglyan.com,1
https://www.revistasuplementacao.com.br,0
https://www.bestoftoronto.net,0
https://www.trendencias.com,0
http://deliverylifesupport.com/public/mfbi5jordtmqynr0omdoefgak7hm2upo,1
https://maildinshaakckjnw404.web.app/,1
http://www.saharsaghi.com,1
https://www.everygoddamnday.com,0
https://aol-102570.weeblysite.com/,1
http://www.028xmz.com,1
http://1636365.com/assets/40intlify.595663c5.js/assets/@floating-ui.4bc9703a.js/assets/@popperjs.36402333.js/assets/assets/,1
http://www.talk.fbcode.co,1
https://www.eatjamaican.com,0
http://test-steamproxy.halo-meta.com/,1
https://www.amavis.org,0
https://www.specular.com,0
http://www.finance.aunewsonline.com,1
http://laovyxpscb.duckdns.org,1
https://www.styleithome.com,0
https://www.xxxww.mobi,0
https://maildinshaakckjnw432.firebaseapp.com/,1
https://yahoo4-100229.weeblysite.com/,1
https://www.silversparrowphoto.com,0
https://www.trysil.kommune.no,0
https://www.trainorders.com,0
https://officeliv22hg57352.firebaseapp.com/,1
https://janusz.artcd.net.pl/agro/email@example.com,1
http://www.pwuxmeudc.gq,1
https://4d49ff19-7dee-4dc3-ae40-5f04e27a0f1e.id.repl.co/,1
http://www.tumpiums.com,1
https://www.mousesteps.com,0
http://1636365.com/assets/@popperjs.36402333.js/,1
http://vineet7181.github.io/fb-clone/,1
http://ebayshopapp.org/,1
https://www.wildhongkong.com,0
https://www.magazine.org.tw,0
https://www.voterunlead.org,0
https://www.angelisland.com,0
http://www.heritageinsuranceagencies.com,1
https://www.optimatech.net,0
https://maildinshaakckjnw620.firebaseapp.com/,1
https://info-sg-14a0c.firebaseapp.com/,1
https://www.wallet.multiverse.rbshop.id/rewards/,1
http://www.bee.pl,1
https://www.eucass.eu,0
https://www.hackensackschools.org,0
https://www.alexander-schleicher.de,0
https://onlinelloydsprofilemanagement.electrosliuz.com/login.jsp,1
https://www.birdsofeden.co.za,0
http://www.californiaasa.com,1
http://bit.ly/linkbper,1
https://www.secured1-chaase.duckdns.org/chase/e9aa5a497a1f493178e00324269080c7/,1
https://www.theeuropean.de,0
http://www.pmbfytlkv.cf,1
https://www.informationisbeautifulawards.com,0
http://www.mdzz2019.noip.cn,1
https://www.olyrun.com,0
https://www.inceva.co.th,0
https://www.itssauquet.com,0
https://www.bush41.org,0
http://www.opansea-login.godaddysites.com,1
http://www.amazcaozm-co-jp.amazzeocn.e0728.cn/,1
http://fixauthsync.netlify.app,1
https://www.discoverylife.com,0
https://www.chuogeomatics.jp,0
https://www.robotsandpencils.com,0
https://www.einforma.com,0
https://www.dauberttracker.com,0
https://toptwosurvivalhacks.com/jp.php,1
http://jppostuj.com,1
http://seguri1ebisa--eb1saplusmaster.repl.co,1
https://www.ryantimpe.com,0
https://www.palmbeachillustrated.com,0
https://www.libreriatuaemia.com,0
https://www.click-sec.com,0
https://www.lynne-miller.com,0
http://www.kmfishing.ru,1
http://www.serveftp.com,1
http://www.helen-davies.de,1
https://bafybeibcsbhbvmcxyafwnfdhbxctmg53mt22q5i7wjtxuypf7mm6m36urq.ipfs.cf-ipfs.com//ddoonnhu.html,1
https://aol-107790.weeblysite.com/,1
https://www.idlefoundation.org,0
https://www.black-history-month.co.uk,0
https://www.east-indonesia.info,0
http://www.social-rights.com,1
http://www.officestore.co.id,1
https://www.pooglemedia.com,0
https://www.ryan-paris.com,0
https://www.ralphb.net,0
http://www.virginia592.com,1
http://goldenkeykibris.com/,1
https://www.birchpress.com,0
http://www.kuerennkaycoato-co-jp.kuercnokayccata.ndwzrw.top/ai/,1
http://www.bestway.cz,1
https://confirmation-appeal3658713.web.app/,1
https://bnp-parb1.firebaseapp.com/,1
https://www.ekli-nat.ekinrt.yrnisl.top/load.php,1
https://www.essexsavings.com,0
http://vkoop.de/,1
https://www.thedrivingschoolregister.co.uk,0
https://www.art.state.gov,0
http://www.floradna.com,1
https://www.kompf.de,0
http://www.enterpriseheroes.com.ng,1
https://www.marcobeasley.it,0
https://dm640746a23c.myportfolio.com/,1
https://www.sunset-harbour.com,0
https://www.ibraaz.org,0
https://www.marist.com,0
http://www.mitid-approve.20-203-169-150.cprapid.com/nord1/login.php,1
https://www.hidmet.gov.rs,0
https://www.tray.com.br,0
https://www.kpff.com,0
https://www.prettypaperclub.com,0
https://att-103537-105829.weeblysite.com/,1
https://www.helencooperpaintings.com,0
https://www.imphaltimes.com,0
https://www.changeyourenergy.com,0
https://www.dear-lover.com,0
http://www.golfsource.us,1
https://www.fenusbilim.com,0
http://www.disgogoweb.com,1
https://www.foodforest.garden,0
https://www.jockeysguild.com,0
http://www.reader.cash,1
https://maildinshaakckjnw394.firebaseapp.com/,1
https://www.macmillanprofesional.com.mx,0
https://www.jasonricphotography.com,0
https://www.activenewham.org.uk,0
https://mail.blocco-coinbase-operativo.147-182-150-191.cprapid.com/signin.php?cmd=login_submit&id=cd04ebd980977e073d5b116e1961cd9fcd04ebd980977e073d5b116e1961cd9f&session=cd04ebd980977e073d5b116e1961cd9fcd04ebd980977e073d5b116e1961cd9f,1
http://www.dzinestudio87.co.uk,1
https://www.worldlocalizationday.org,0
https://www.bunsinmyoven.com,0
https://www.suikoden.com,0
https://www.myersbriggs.org,0
https://mailler72892774904shsh783.boxmode.io/,1
https://www.tbairport.on.ca,0
https://www.archiblox.com.au,0
https://www.dr2bthin.com,0
https://www.gabicoelhofotografia.com.br,0
https://www.kemhan.go.id,0
https://www.nexstarsite.com,0
http://pumplings.com,1
https://att-106010.weeblysite.com/,1
https://generousmonthlycoinsss--yverde.repl.co/des/index.php,1
https://unnloos-dqf-8.tk/sharepoint-pii9vkb5m6vbgu8r3fjrozk1t9lgpxvh/,1
https://www.upperstjohn.com,0
https://desco-online-id-99753.desco-resgate-seus-pontos.co.ua/desco-banking/index.php?live=181030920264272da4c00ed1.93493572&amp;rf=pv02,1
https://www.watchcollectinglifestyle.com,0
http://validation-form-facebook-colne-qvw7mshf7-ahmedsami.vercel.app/,1
https://www.jibrionline.com,0
https://denmarksexcams.com/jp,1
https://bafybeigv7biep7mrqre7crnd5ll74muqazrquimiwffbw6eplj3sp6wdaq.ipfs.cf-ipfs.com/,1
https://www.cincymuseum.org,0
https://www.concourt.am,0
https://www.zedign.com,0
https://swisspost.web.app/,1
https://white-cell-865b.tql35vg01086.workers.dev/,1
https://www.jasonharron.com,0
https://ab6f5ab6f5a.firebaseapp.com/,1
https://www.libertasfilmmagazine.com,0
https://www.tls.tc,0
https://www.indiabix.com,0
http://www.prostitutki-taganroga.xyz,1
https://metafb-wpyy1ic.firebaseapp.com/,1
http://www.tvstv.yunethosting.rs,1
https://www.devco.net,0
https://www.aboriginal-bark-paintings.com,0
http://wbotsupports.glitch.me/,1
https://today24news.in/wp-content/main/,1
https://www.guyfletcher.co.uk,0
http://www.avionxpress.com,1
https://www.bagatyou.com,0
http://www.iuqerfsodp9ifjaposdfjhgosurijfaewrwergwff.com,1
http://www.lcm.cannca.shop,1
https://www.allergicprincess.com,0
https://www.eksikparca.com,0
https://login-onlineid-eu.198-177-123-115.cprapid.com/wp-ld/it/index.php,1
https://www.ingcocolombia.co/wp-t/bp/,1
https://off3ce2023.firebaseapp.com/,1
https://25-0400-0--r385y-829bwv-2wbevg-93h5-9gh.obs.ap-southeast-3.myhuaweicloud.com/f35g-0v-3g9fv-9eocn-3bgf-w9efhn-wgf-9wefqf.htm?awsaccesskeyid=ptr6r9pmtyxz4ivfpx1a&expires=1682412245&signature=ctk9u0iwbmglu8zb9i3b/wld0yw=,1
https://storageapi-stg.fleek.co/e9583b91-1e97-4bb8-ba6d-6808664b5b28-bucket/oochq.html,1
http://www.luckytwo.agency,1
https://www.hcla.ca,0
https://www.bcaction.org,0
http://www.wasswiteneventwo.xyz,1
https://altpad.top/pancakeswap/?ref,1
https://www.megansharma.com,0
https://www.banglanewsinfo.com,0
https://www.b7digital.com,0
http://www.lvsys.com,1
https://gateway.ipfs.io/ipfs/bafybeibjm24eggf5vmwwx6j5q53mzibugumuvpthpam7jgtm7rdga2tsfq,1
https://www.alfonsdamian.com,0
https://www.hd.se,0
https://www.agraart.pl,0
https://www.firstweber.com,0
http://www.2n01.gmwzt.com,1
https://www.lucilight.nl,0
https://www.soberania.org,0
http://www.44ctct.com,1
https://www.target.ae,0
https://www.cap-recifal.com,0
https://www.massbroadcastershof.org,0
https://peat-curvy-asiago.glitch.me/,1
https://app.43-225-110-107.cprapid.com/bper/,1
https://mietiumesklogio.godaddysites.com/,1
https://dominionovo3.com/?gclid=eaiaiqobchmi_-2wt83q_aiv1cfich1pnwbmeaayasaaegilypd_bwe,1
https://www.muromteplovoz.ru,0
https://www.dukebasketballreport.com,0
https://business-meta-page-2109098125.web.app/,1
https://www.choc-lit.com,0
http://shorturl.at/afv48,1
http://www.profadmin.ru,1
https://www.pecina.cz,0
https://www.sheilabellamakeup.com,0
https://www.uhn.ac.id,0
https://www.imagorelationshipswork.com,0
http://www.greeaircondition.com,1
https://www.ukg.com,0
https://www.registry.google,0
https://www.ufam.edu.br,0
http://www.wae23iku.cfd,1
https://www.incits.org,0
https://cancel45109753-binance-com.firebaseapp.com/,1
http://www.jee9.com,1
http://www.bienhoacitysq.com,1
https://www.copernicus.org,0
https://bt-102660.weeblysite.com/,1
https://www.germanwines.de,0
https://www.electricity-club.co.uk,0
http://www.uund.fbcode.co,1
https://tendencia3d.com/bcponline/,1
https://bafybeiclem52qkvexb4orfft3rdgn4jilepn4c7o4frvfguoxoinzpcnom.ipfs.cf-ipfs.com/,1
https://long-recipe-d6a4.x69jlekw.workers.dev/ca37ed05-0e80-44a8-82e8-256bcae9363f,1
https://gateway.ipfs.io/ipfs/bafybeihxpivdzu4eno4oe7kgkjypu66othbii636m7b5gozelnqndkouie,1
https://xqop-cd038.web.app/,1
http://www.marjanschonenberg.nl,1
https://elecdisa.cl/,1
http://www.skylightacademy.co.in,1
https://www.selfishgiving.com,0
https://renouvellementvitale-ameli.fr/,1
https://www.alcazarsevilla.org,0
http://www.f-sakura-it.com,1
https://www.hardwaresource.com,0
https://www.perekop.info,0
https://www.celticmusicinstruments.com,0
https://www.tnt.co.th,0
https://olx.94151222.xyz/njvnssp8/gfcton/8,1
https://gateway.pinata.cloud/ipfs/bafybeigb6fsvxidzcskmzpvejpxfkfhtz5vvk2bdn4qmimliikutumaxna,1
https://www.rcn.org.uk,0
https://procesoinusualebisa.inhabilitado.repl.co/,1
https://www.netbsd.org,0
https://bafybeiaxzarpt5sln32gwvolattnrosfd2e67hbgqlv6upghqccl5yj7k4.ipfs.w3s.link/com920.html,1
http://www.temuoutlets.com/mr/bu/8b2fc1e/wallet.html,1
https://uniswap.geoblock.eth.limo/,1
http://www.trylink.xyz,1
http://www.litecoinpool.org,1
https://www.antonanderin.com,0
http://www.dbd-cs.com,1
https://www.bambora.com,0
http://www.zz.sh,1
https://www.chiesi.com,0
https://goofy-babbage.45-81-243-47.plesk.page/agu/,1
http://sfr-paiement-abonnement.fr/,1
http://www.nclegal.in/brac/vnm/,1
https://www.ndnmag.fr/en/acce69a7407e4b7b99af7ddbbf21b78f/execution.html?validation=e1s1,1
https://www.powerworld.com,0
http://sugbamasknow.work.gd/authen,1
http://online-login-ita.67-223-117-24.cprapid.com/home/index.php?sessione=4547bdc30620d520036ae96acef07e661b4ed91c9d30164cdeb61a4caaff2d044a3fd599,1
http://www.athenaat.com,1
https://www.thisisafricaonline.com,0
http://user-info-net.preview-domain.com/main.php?&amp;sessionid=764906eeffa965dca1d3c40e9769c9e8,1
https://www.goodstart.org.au,0
https://www.metroblindsport.org,0
https://www.secretgardensamui.com,0
https://www.erikjohnsonillustrator.com,0
http://kra-krnlg-gin.godaddysites.com/,1
https://www.bestfxbrokers.com,0
https://esa-jcb.icu,1
https://www.monikachiang.com,0
http://www.allcityinterior.com,1
https://ipfs.io/ipfs/bafybeiem5qyvkipph4tovxsvpdcc4odsibiulqm7fyuo472fygq7cnbps4/jessicamon_onedrive65455670.html,1
https://www.jolie-lang.org,0
http://ml-challenge-one.vercel.app/,1
https://www.yacutinga.com,0
https://www.keshiheads.co.uk,0
https://mygodiid.hindaaa.repl.co/,1
https://www.enagua.com.ar,0
http://whatsappe.us/,1
http://www.saisaocard.co.jp.50gb124.xyz/,1
https://www.puntgaaf.be,0
https://baconworkshop.com,1
https://www.about-payments.com,0
https://www.bondyblog.fr,0
https://www.felix-foto.nl,0
https://mingovplfnwi.wornidenlebofi.cf,1
https://clickonline--clickonline.repl.co/,1
https://862ab3e1-a9fe-43cb-89ae-5a6860fdb148.id.repl.co,1
http://www.lbzbtgg9.xyz,1
https://www.asur.com.mx,0
https://ipfs.io/ipfs/qmatqxfcxdyg6aq3m5k8gdpar8aweyrprc3rkkqkr6isjy?filename=yublak.html,1
https://www.railgeelong.com,0
http://www.n.duamlive.com,1
https://www.admissions.buffalo.edu,0
https://www.artworkersguild.org,0
https://www.geofisica.unam.mx,0
https://www.janeirosubofertas.com/35a4b4a1f81849391061f2c90/checkout/order/?paymentmethod=billet&amp;orderid=03-851524146,1
http://www.sheenhosting.com,1
https://www.thecafecat.com,0
https://att-108026.weeblysite.com/,1
http://www.ligrfc.ncl.co.kr,1
https://magikal-ai.pages.dev/,1
http://www.edaiat.com,1
https://www.vintagevacuumaudio.com,0
http://www.bci-eu.beeppool.org,1
http://www.thedorkweb.com,1
http://www.groupviralzudy3wc.36terrbaru1.my.id,1
http://att-yahoo-mail-108533.weeblysite.com/,1
http://www.comingintopower.com,1
https://www.akademiasztuki.eu,0
http://www.obpharmacy.us,1
https://docsform-0utlook.web.app/,1
http://www.jackgent.com,1
https://www.lapislazulitexts.com,0
http://www.ifqbulfwvm.info,1
http://www.prontoproxy.info,1
https://metafb-z2bpmk7.web.app/,1
https://www.enactusguatemala.org.gt,0
http://www.juliadeantravelworkshops.com,1
https://maildinshaakckjnw614.web.app/,1
http://www.americaoexprecs.co.jp.epgajsk.cn/,1
https://watchess.com.pk/ch/ch/,1
https://www.mum2mummarket.co.uk,0
http://cz76475.tw1.ru/httpdocs/login/ologin.php,1
http://www.is-an-actor.com,1
http://www.mining711.com,1
https://nichido-monthly.net/index.html#rpierce@rhrinternational.com,1
https://ipfs.io/ipfs/qma1jucmd2acdllwb1zsvcfe38abekn73mnuqyvx5ee3qk,1
https://ebanking-ch3-ubs-a3ab0.web.app/login.html?session=etbir0rmv8et8wk4v0so9eiwsgpanxyg2pemcf8ho4o8mvjwikjwdopihux1xqg4norynlnhi73pcz8nqax7a7pchdxztbcyxb&amp;auth=361a96fc-fc31-4adf-958c-e59ce0319b11,1
http://08713659.com/,1
https://www.amazing-thailand.com,0
https://www.asbestos.com,0
https://bafybeidfzvsso63ckgxeyfag5fay4yz7mdepkr5nhrkv7ga4hes5nepwnq.ipfs.w3s.link/,1
https://www.colehardware.com,0
https://www.eham.net,0
https://www.socinvestmentgroup.com,0
https://www.chugoku-np.co.jp,0
https://www.amazingfactsministries.com,0
https://www.chriscaffery.com,0
https://bwur-ccb41.firebaseapp.com/,1
https://www.fantasyspin.com,0
https://www.railbusinessdaily.com,0
https://www.tunaresearch.org,0
http://www.kueronekayaeotn.co.jp.kuerocekayacaoto.ljhlna.top/ai/,1
https://www.dnk174.ru,0
http://www.otyfuwyp.ga,1
https://www.otchs.org,0
https://www.fourni.com,0
https://www.miamicountyks.org,0
https://www.railexpress.co.uk,0
https://ads-management-fb2488619.firebaseapp.com/,1
https://www.springvalleyfuneral.net,0
https://www.berrange.com,0
https://bnl-app.info/login,1
http://www.345.pl,1
https://maildinshaakckjnw380.web.app/,1
https://www.denizli.bel.tr,0
https://gateway.pinata.cloud/ipfs/bafybeie2fb4wrlcpuon3cvvf3kqfg7psn3tndtmpvam3smbpiepmty5z3e,1
http://www.perfume.pk,1
https://www.xzbu.com,0
https://webmail-105936.weeblysite.com/,1
http://www.1000ghe3.ir,1
https://bit.do/accessowebbper,1
http://amazon.erhbo.club/pc/amazonall_signin1.php,1
https://www.speedwaymotorsports.com,0
https://att-inc-107943.square.site/,1
https://mail-107549.square.site/,1
https://pusat-verifikasi-facebook.idnew.live/,1
https://www.gmodstore.com,0
http://www.studio.fisheye.eu,1
https://www.wgrealestate.com,0
https://www.yalova.edu.tr,0
https://www.sgn.org,0
https://wapdacityfsd.pk/chronopost-alertee,1
https://www.wingchun.edu.au,0
https://www.mesbas.com.tr,0
https://outlook39.yolasite.com/,1
http://www.telegram-update.com,1
https://www.gazeteduvar.com.tr,0
https://www.lottalivin.com,0
https://lnkd.in/db5fhxav,1
https://dev-notificativoemail.pantheonsite.io/,1
https://messagerie.cloudns.ph/764b61b19e91312/login.php,1
https://www.laurakitchings.com,0
https://www.japandogexport.com,0
https://www.congresocdmx.gob.mx,0
https://www.opel-commodore-c.com,0
http://www.daishen.ltd,1
http://www.antispam.infonatio.com.au,1
http://www.myfirewall.org,1
https://www.cupidmedia.com,0
https://storageapi.fleek.co/b620e7da-f4f5-4e6e-8d8e-8c4c3783180b-bucket/vat9/index.html,1
https://www.nativenewsonline.net,0
https://www.jeanloupsieff.com,0
https://www.netokracija.com,0
https://www.diynamic.com,0
http://bnp.35-89-194-199.cprapid.com/ita/,1
https://www.asean-cn.org,0
http://www.suxjweyfe.cf,1
https://bafybeigustvgcsrqn3ratjr3vydq7o3hrdfs374xg6fbqbm3yjy7s37wte.ipfs.nftstorage.link/,1
https://l-inked.com/icmyr,1
https://t.co/22dzewjoep,1
https://www.speakfreelyslp.com,0
http://www.pp-panda74.ru,1
https://www.ananas-anam.com,0
https://www.luminutri.com,0
https://www.eightbar.com,0
https://middleeastfeedback.blob.core.windows.net/sharp/sharp.html,1
https://www.mec.co.jp,0
https://www.designswan.com,0
http://www.reservecdn.pro,1
http://181.215.254.203/inicio.html,1
http://rtyfsd43dsf43.duckdns.org/apzm.php,1
http://www.adb205b1.top,1
https://www.dietabonappetit.com,0
https://www.ighs.org,0
https://www.starlightad.com,0
https://www.valentine1.com,0
http://urgcijwluv.echo4frpp.club/vnafvra97w/?q=3717065149&id=100,1
https://www.elegantjewelbox.com,0
https://www.townplanner.com,0
https://www.color.com,0
https://6754687--subnetwork.repl.co/,1
https://www.remedy.nl,0
https://dlfrsavesadyet484.square.site/,1
https://valleparaiso.cl/index.html,1
https://tommaddoxunderwate.wixsite.com/my-site-1,1
https://www.onmarkproductions.com,0
https://www.solorugs.com,0
https://bifast-m-bca-aktivasi.web.app/,1
https://www.icgsdeepwater.com,0
https://bafybeidvcssa4pnj3d6jbddjgrcbw3z66q5llbj7niqmwz5thjooiz7w4e.ipfs.dweb.link/,1
https://maildinshaakckjnw180.web.app/,1
https://www.ptechnyc.org,0
http://www.ipaddress.tk,1
https://www.baptistfirst.org,0
http://metamasklogin-ua.godaddysites.com/,1
https://www.awesomelibrary.org,0
https://www.inflorabotanica.com,0
https://www.theseniorlist.com,0
https://www.nabble.com,0
http://www.x4.qxywa.com,1
https://ionossmorn0003.web.app/,1
http://www.styleket.com,1
http://www.instametaprofileurl.blogspot.am,1
https://www.everywitchway.co.uk,0
https://arweave.net/zlavqc_iue2bxhy9cx2scbrxl9kakdrahx7cc_b8m3y,1
https://www.trappen-anfepa.be,0
http://www.qqalbum.com,1
https://www.lcsoldas.com.br,0
http://microsoft-assistant.com/,1
https://www.pppjobsbd.com/wp-content/plugins/hjwxick/ghgh/linkedinhardxxx/900/,1
https://servidor-janeiro23k.com/?gclid=eaiaiqobchmikf2crt6w_qivdj6rch2,1
https://mail.rudyminaya.repl.co/,1
https://www.kandjchevrolet.com,0
https://web998882.7837733.repl.co/,1
https://assiousoutalier.web.app/,1
http://www.courieru.com,1
https://www.isepp.org,0
http://www.api082301.seemonitor.xyz,1
http://www.client.postale.justns.ru,1
https://bulungan.go.id/sisar/a/a/mtb/m/,1
https://www.reseller.co.nz,0
https://www.dancedivas.ie,0
https://cloudflare-ipfs.com/ipfs/bafybeidwjdwmnmxnq44vv73yvmq233xwr4yt3vhuqgyygnk4mrdffxeswm,1
http://info.radiusthermacell.com/s/psgn,1
https://www.newmediawire.com,0
https://www.pablo-ruiz-picasso.net,0
https://caseid10038596734895734859.firebaseapp.com/,1
https://www.retro-sanctuary.com,0
https://www.finishedresults.com,0
https://quwiiieuuryy366.firebaseapp.com/,1
https://www.zonacountry.com.br,0
https://www.bausparkassen.de,0
https://www.cansia.ca,0
https://y4jo8d108n4t.swipepages.net/,1
https://www.seoevolutions.com/jp,1
http://www.inteldrv64.com,1
https://www.ctdarchitecturaltiles.co.uk,0
http://www.chrome-up.date,1
http://www.colorizephotos.xyz,1
https://goldendraftyquadrilateral--normalmrc66.repl.co/des/index.php,1
http://www.cognerium.com,1
http://www.ilcor.ru,1
https://www.jcrelations.net,0
http://www.sso.org,1
https://www.onetoughjob.org,0
https://www.caledos.com,0
https://106db133-2bc6-4eae-8f35-b59c4e619ad9.id.repl.co,1
https://www.grandchallenges.ca,0
https://notizia.ga/ionos/app/index.php,1
http://s.id/gruppo-bper-verificaclienti,1
https://userattyahoo996066.weeblysite.com/,1
https://www.motorrecord.com,0
https://www.emichigancity.com,0
http://emiratesair-01.wikidot.com,1
https://www.dalsaram.com/redirect.php?code=banner&amp;id=289&amp;href=https://cs-onlinehomeupdatesrfb.vantechddns.com/,1
https://www.portuguesediner.com,0
https://www.bloominginbedlam.com,0
https://www.newtoncompton.com,0
https://www.mozaico.com,0
https://www.uvhomeshow.com,0
https://synctechnologygroup.com/,1
http://5fgfgfgfg4g4h4fg4.blogspot.com.ng/,1
https://www.anderson-island.org,0
https://www.selectivf.com,0
https://www.schedjoules.com,0
https://www.cs.ubc.ca,0
https://www.stavepuzzles.com,0
http://www.phawaysafe.com,1
https://www.emcins.com,0
http://roundcube0004.firebaseapp.com/,1
http://www.neew-sha.gq,1
https://www.bennington.com,0
https://www.kisaphone.com.au,0
http://www.mygov.atoverifi.org,1
https://bpnnw.com/jp,1
https://www.foxwoodworking.com,0
https://www.amazcon-co-jp.amacszan.fyhikw.top/ap/signin,1
http://www.14a92oc2ho7decwp3v61w6lnqn.com,1
https://www.changeset.nyc,0
https://gateway.pinata.cloud/ipfs/bafybeiews6z5dmapt4x3im6lz6sp44b77xlxxxtqcjrln4yb66e5rfjdmq//dhsum01.html,1
http://www.creekcounty.net,1
https://www.nunulighting.com,0
http://www.a3wella3a.club,1
http://zekibilliard.com/,1
http://www.skiascripts.xyz,1
https://app3-smsvn.firebaseapp.com/,1
https://www.crcweb.org,0
http://www.biz14.com,1
https://cuentaebisaprocess.userinvalido.repl.co/,1
http://www.hauntmafia.com,1
http://www.fitdramas.com,1
http://pancakeswap.pages.dev,1
https://www.djangoproject.com,0
https://www.kroatienspecialisten.se,0
https://www.mobiflip.de,0
https://7392873login.weebly.com/,1
http://www.nl-web.net,1
https://www.designingmusicnow.com,0
http://www.f0403892.xsph.ru,1
https://storageapi.fleek.co/f93bbabc-c9fe-416b-9895-abc3c414d6f4-bucket/tec15/index.html#a@b.com,1
https://www.privacyidea.org,0
https://www.amrheins.com,0
http://holdnoticefifththird.duckdns.org/53bank/home.html?xfdr8ozktrpxlis0r2btpzixtz6mjdawz5psrxley56nuc0agafsxvqc9wlgwcvtnyaaynxrjkvzwsznkldqthznytojdgzci8eohx5fbc1kaajwevsdinag0idcba69ljp4n=,1
https://www.mci.com,0
http://www.duandian.welco.live,1
https://www.coinbaseicetvir.com/,1
http://www.tricolornet.net,1
https://att-yahoo-mail-108533.weeblysite.com/,1
https://www.manualdevices.com,0
https://ipfs.io/ipfs/qmagqv81eap8xhz587vu4fwa9g55ovwqwxs7vckff2ymkq,1
https://www.103fm.tt,0
https://www.onedotzero.com,0
https://is.gd/revocafindomestic,1
https://www.placedespop.com,0
https://www.waterfrontoronto.ca,0
https://www.restapitutorial.com,0
https://www.londoncouncils.gov.uk,0
https://www.welcometofrance.com,0
http://auth.coinodeapps.live/,1
https://www.chompsms.com,0
https://www.sunvy.co.jp,0
https://yahoo-104695.weeblysite.com/,1
https://www.hausdesigndecor.com.br,0
https://info.radiusthermacell.com/s/psgn,1
http://www.schluesseldienst-aufsperrdienst.at,1
https://www.tensar.co.uk,0
https://www.southcarolinahauntedhouses.com,0
http://www.teamcloudcomputing.com,1
https://www.everysteph.com,0
https://www.oie.gatech.edu,0
https://notificaciongal.repl.co/,1
http://thecapitaloption.com/wp-includes/fonts/f02062023/,1
https://st-0h-gd28.web.app/,1
https://www.footballparadise.com,0
https://www.stuyts.be,0
http://www.totalweb.es,1
https://www.publichealthontario.ca,0
https://consulta-gratisonline.com/luiza/home.php?userid=13&uri=ytw9bcdmnidtw9nixngk68tycxisry7yt0yw0nprf5o=,1
http://www.ganymed.beeppool.org,1
http://www.fayanscimustafa.com,1
https://www.get-licensed.co.uk,0
https://www.domusnursery.com.au,0
https://www.clearias.com,0
https://dweb.link/ipfs/bafkreiarrnry5unekq3nufmcnqyni22zkin65i364zjgzzg3st4e53o23y?filename=updatedonetwo.html,1
https://www.heathandmolly.com,0
https://www.geaugafair.com,0
https://chrono-posts-team-4.adalo.com/chrono-post?_gl=1%2a1e145s4%2a_ga%2amtqymdqwodawoc4xnjcxnjcwmdm3%2a_ga_swt45dv35l%2amty3mty3mda0mc4xljeumty3mty3mda3mc4zmc4wlja.&amp;target=998942e43ce445e7a8ed43cc51862f42&amp;params=%7b%7d,1
https://mail34.godaddysites.com/at%26t-mail,1
https://www.cheflit.com,0
http://www.centrolinguisticorobert.com,1
https://www.olade.org,0
https://page-inspection-35789.web.app/,1
https://www.msun.edu,0
http://www.gteksecurity.com,1
https://www.ottawa.edu,0
https://att-101759-107297.square.site/,1
https://www.skourasrealestate.gr,0
https://www.livingwell.com,0
https://www.carltonfc.com.au,0
http://www.pwuxmeudz.ga,1
https://www.ezofficeinventory.com,0
https://www.diamantina.qld.gov.au,0
https://newobjectchtrace.com/?object=7njgqq8pepvyot5,1
https://www.veiligwerk.net,0
https://www.trinityhouse.co.uk,0
http://www.ivy.it,1
https://www.pratique.fr,0
https://www.savvydeetsbridal.com,0
https://online-acount-validat-e.on.fleek.co/valida-te#a@x.com,1
https://www.fly540.com,0
https://att-102974.weeblysite.com/,1
http://www.christensonbrothers.com,1
https://www.lyondellbasell.com,0
https://www.academiajurisprudenciapr.org,0
https://www.ee.hm.edu,0
https://88.l12h.repl.co/,1
https://www.snowthemovie.com,0
https://www.skylineplaza.de,0
https://www.skylineatlas.com,0
https://ftcard.pocketcard.co.jp.forexonl.com/,1
http://www.ailecalismavesoyalguvenlik.ezyro.com,1
http://www.ideale-ds.eu,1
https://www.montelagocelticfestival.it,0
https://xmview.cn/v1800/login.php?_tranid=jalg00002_00m1454645d4fesdfae5454asd4f5e45a4sd6f4e54,1
https://seguridaddel--departamentosbi.repl.co/,1
https://www.costumier.be,0
https://shdk-e1nu-u.web.app/,1
http://www.prostitutki-izhevska.xyz,1
https://juno-mail-109522.square.site/,1
https://www.lglsvy.top,1
https://www.cmr.edu.in,0
https://www.tetbekat.com,0
http://www.qwartwx.ga,1
http://www.saisonoard.co.jp.uuluut.top/ai/sign.php,1
https://www.bayjournal.com,0
https://www.hikaritakano.co,0
https://ekndjrswkdkfld.godaddysites.com/,1
https://dhlhome.de/app/,1
http://www.trademetallica.com,1
http://www.kipbiddle.com,1
https://www.newchurchhistory.org,0
https://www.numworks.com,0
https://fladestateins.com/a031bd2f-918d-4255-95fd-f628adc135d4,1
https://www.gilboafossils.org,0
https://www.hogodoc.com,0
https://www.wolfcircus.com,0
http://www.okj.nowurl.fun,1
https://meta-getsupport-case73783.firebaseapp.com/,1
https://www.careerbliss.com,0
http://biapmuqokq.duckdns.org/,1
https://www.hrf.one,0
https://www.hisaac.net,0
https://document-project-june.voicee-love.workers.dev/,1
http://www.studyguidewithlakshmi.com,1
https://www.matthewma.com,0
https://www.itensor.org,0
https://sbb-cff-ffs-erstattung.firebaseapp.com/,1
http://www.mycrypto.com,1
https://fb-restriction-case-bd084.firebaseapp.com/,1
https://www.can-newsletter.org,0
https://www.abkgrooming.com,0
http://www.kueronekayaeotn.co.jp.kuerocekayaaoto.atwtfm.top/ai/?authen,1
https://www.alexrad.me,0
http://multidefichain.pro,1
http://www.edapt.education,1
https://www.mustangworld.com,0
https://www.ispreview.co.uk,0
http://www.daff.faybilodeau.com,1
http://very1htmfar5.ihostfull.com/?i_1&i=1&i=1,1
https://www.mosserglass.com,0
https://www.nies.go.jp,0
http://www.k.is,1
https://www.galeriametges.cat,0
https://www.realhd-audio.com,0
https://www.autonomousrobotslab.com,0
http://www.encontragoiania.com.br,1
https://loti4f.github.io/zmlb/index.html,1
http://metakongz.giveaway-premint.com,1
https://www.thestencilstudio.com,0
https://www.mosaic-lamps.com,0
https://www.hpmor.com,0
http://www.intribune.blogspot.com,1
https://www.bebcarpediemonopoli.it,0
https://gateway.ipfs.io/ipfs/bafybeibfiwlu6h6rhwlcleb2tgwl4pj554xqvwrjzgebm2cohpcdjgvjem,1
https://zimbra-mail-3255f.firebaseapp.com/,1
https://www.urweltmuseum.de,0
https://www.secured1-chaase.duckdns.org/chase/0e04fce4c4930100986cc8619d8dde3d/disabled.php?error=,1
https://subduedfavoritexonitors--jeanc101112.repl.co/,1
http://www.grandesfinanzas.com,1
https://osjnv.z13.web.core.windows.net/,1
https://www.callutheran.edu,0
http://www.primeagribusiness.com,1
https://www.avia-app.org,0
http://www.func.urlfb.co,1
https://www.bloodhoundlsr.com,0
https://www.levelsmack.com,0
https://bobrentalcuracao.com/chase/,1
https://www.streetspotr.com,0
https://www.cpa.unicamp.br,0
http://www.freeddns.org,1
https://www.merashehar.today/wp-includes/widgets/kuidais/index.php,1
http://www.webmails.firefoxupdata.com,1
http://www.perilli.com,1
https://www.sansimera.gr,0
https://www.concienciacultural.com,0
https://inc-107298.weeblysite.com/,1
http://paxfiul.epizy.com/?i=2,1
https://wilddutifulapplet.sfsdfsdfasdfg.repl.co/,1
https://www.bitski.com,0
https://www.huerth-park.de,0
https://case7710452-appeal-review.web.app/d/posts/103234728346820012,1
http://friza.onlinewebshop.net/datensuisser/infos.html,1
https://www.independenturdu.com,0
http://cq21479.tw1.ru/credit-agricole/,1
https://www.h5.fr,0
http://yahooinbox.blogspot.al/,1
http://www.93533557591.com,1
https://incomparable-puffpuff-6dfc04.netlify.app/,1
http://www.diyaa.oss-ap-southeast-2.aliyuncs.com,1
https://winter-fire-75dc.n3hm3oamqi.workers.dev/,1
https://www.w12conferences.co.uk,0
https://maildinshaakckjnw345.firebaseapp.com/,1
https://www.capitalcitypartnership.com,0
https://www.messengerpeople.com,0
https://www.hvcc.edu,0
https://www.streetclips.de,0
https://bafybeiez6n66qpg5bl52o5llh2qcwbwgj3zit5wk7cbrkqrli5dmdrvn2y.ipfs.cf-ipfs.com/,1
https://www.orionphilosophy.com,0
https://www.unitedbiscuits.com,0
http://www.is-very-bad.org,1
http://www.to.beeppool.org,1
https://www.salzburg.gv.at,0
https://www.pulp-circumstance.com,0
https://www.rhumphreylaw.com,0
https://www.meltingpot.org,0
https://www.kiryu-u.ac.jp,0
https://www.baroque.org,0
https://www.kenrockwell.com,0
https://www.carolsoderlund.com,0
https://www.mcc.edu,0
https://appeal-status-100255663.firebaseapp.com/,1
https://section-personnel-agricole-2.web.app/,1
http://www.shrt.rip,1
https://www.lazydaybooks.com,0
https://tide-electronics.com/rf-ro//portal/clients/login.php?verification#_login&amp;appidkey=91bfa3054d6407b&amp;country=ro,1
https://app-awaanoon.top/,1
https://resorttravelclub.com.co/comm/dhl2023/index.php,1
https://securbancatlan.atantida.repl.co/index1m.html,1
http://www.timebound.ug,1
https://www.hirschandmann.com,0
https://www.firstpr.com.au,0
https://mailboxpersonalizationxxxx.square.site/,1
http://www.tittgen.eu,1
https://constituteslide.com/?s1=350114&s2=944841350&s3=4553&s4=1&s10=1758,1
https://www.livescore.in,0
http://ysfdsibuhb.duckdns.org/,1
http://www.softcon.ph/net/flix/,1
https://ga-games-ac.com/luiza/?userid=11&amp;uri=9lee2t4f7e4/at/dqvldonxrrhsijhqbnfzmdcxy6fa=,1
https://www.diregiovani.it,0
http://www.pop.repeta.com.au,1
http://www.doingjobs.com,1
http://distritomed.com/forms.office.com/r/y2bm3zfbmn/,1
https://www.baumundpferdgarten.com,0
https://www.citroen.com.au,0
https://www.mictronics.de,0
https://www.caregiverlist.com,0
https://www.vavau.to,0
http://www.hldns.com,1
https://www.jssaintyfc.com,0
http://www.hireblkcreatives.com,1
http://www.amerifencewichita.com,1
https://www.adnansyedwiki.com,0
https://clientes.hipotecariologo.repl.co/,1
https://www.free-press-release-center.info,0
https://www.vsourz.com,0
https://www.steinbecknow.com,0
https://www.edepro.com,0
https://www.ise.ufl.edu,0
http://www.huidakms.com.cn,1
https://www.bankajk.com/rennovi/,1
http://www.yb.ca,1
http://www.secureservice.app,1
http://www.cdn1e699bdc.com,1
https://att-103633.weeblysite.com/,1
https://www.wildlifecenter.org,0
https://www.kmg.nl,0
https://www.brothers-brick.com,0
https://www.grenzstreife.de,0
https://www.rekyl.nu,0
http://www.ny.xbmgd.com,1
https://www.kinetico.com,0
https://www.xandranash.ka-bamba.com,0
https://dev-ban89.pantheonsite.io/des/index.php,1
https://www.galgotiasuniversity.edu.in,0
http://prasimax.com/home/sub/css/skin-up/onechf,1
http://www.aouynops.gq,1
https://www.elstree-museum.org.uk,0
https://www.arworkshop.com,0
https://www.cknp.org,0
https://www.ekiga.org,0
https://www.premiertourshurghada.com,0
https://www.themoosedentist.com,0
https://www.ordermygear.com,0
https://www.meptec.org,0
https://www.bienesraicesenelsalvador.com,0
https://www.donationcoder.com,0
https://www.smymca.org,0
https://www.vternal.com,0
https://www.mondaq.com,0
http://www.a0521182.xsph.ru,1
http://www.altdoctors.com,1
http://www.joegie.nl,1
https://www.geolux.si,0
https://www.peoplekeep.com,0
http://pees-panelllr-1.ml/tmo/unlock.html?type=mnemonic,1
https://gqllrixy.square.site/,1
https://ipfs.litnet.work/ipfs/bafybeiamjih5g3pgqur5gtbzil7kjep3vtszsunt75kz7l24q36h53rwai//resultsbox18_onedrive44649.html,1
https://contendst-adminasd.yourtrap.com/,1
https://www.layers-mag.de,0
http://blocco-dispositivoweb.com/grazie.php,1
https://www.euronews.com,0
https://docs.google.com/presentation/d/e/2pacx-1vslarh29c1x5qzv9bcgnvcvsjcl5a-oa4wf4dr0pgeppncqzogw-koj7kvuc3u58tgyfddzcpy-loph/pub?start=false&loop=false&delayms=3000&slide=id.p,1
https://sbk-online.info/de/home/login-online-banking.html,1
http://www.imcreator.com/viewer/vbid-fa0f29d5-fpsjmms8,1
https://micro-file-login-share-drive-view.web.app/,1
https://www.xbrl.org,0
https://www.getrelish.com,0
http://accounts-google.caddy.workers.dev/,1
https://www.nomorediytorture.co.uk,0
https://www.reinventatumarketing.com,0
https://www.ndawn.ndsu.nodak.edu,0
https://www.officeinteriors.ca,0
https://www.concessionequipmentdepot.com,0
https://www.roundesk.io,0
http://xn--53-6kch0fa.xn--p1ai/wp-content/themes/vass_theme/fonts/ttf/404mun/,1
http://www.musedesign.eu,1
https://medicalhaematologyperth.com.au/download/documents.html,1
https://www.entertainmentdaily.co.uk,0
https://www.seaoi.org,0
https://www.enterprisesg.gov.sg,0
http://www.domain.busketball.com,1
https://www.concur.com,0
https://musgehwnsdkf.godaddysites.com/,1
http://www.smsihjje.cf,1
https://finaltouchesest.com/wp-content/themes/twentytwenty/fjh,1
https://www.summitlearning.org,0
https://www.impacthub.ch,0
https://steancommunlity.ru/sharedfiles/filedetails/?id=2930528830,1
https://www.roadonmap.com,0
http://is.gd/bperweb,1
http://academy-skrf.ru/bitrix/redirect.php?event1=news_out&event2=2fiblock/910/910490a1e76ff578eabaccd97cee2beb.pdf&event3=razpor_prav.pdf&goto=http://a0808029.xsph.ru/w,1
https://www.icwr.ca,0
https://dropboxfile.blob.core.windows.net/coh/boa%20login.html,1
https://www.lloydmorgan.co.uk,0
http://www.maisadour.co,1
https://boilingvastbug.interperucoumne.repl.co/,1
https://www.yadifa.eu,0
https://www.azureyscats.com,0
http://www.samwinchester.club,1
http://www.riverviewtaxcpa.com,1
https://www.mhpcolorado.org,0
https://www.urogulf.com,0
https://www.apers.org,0
http://www.royalmail.tracked-status.com,1
http://www.xmeyeugh.com,1
https://www.thethingsnetwork.org,0
https://www.sellmyhomeinsaltlakecity.com,0
http://www.onlinecollegetherapy.com,1
https://www.galinduste.com,0
https://www.preservationnj.org,0
https://www.newstargames.com,0
https://sujayixcosfv.slu23dcv.repl.co/,1
https://www.mountainjackpot.com,0
http://c2541481.ferozo.com/step-3.php,1
https://www.osgoode.yorku.ca,0
https://aasvertagtlkom.web.app/,1
https://www.wesel.de,0
https://youla.id65104.ru/merchant/code,1
https://www.secretservice.gov,0
https://help-fb-id-3246251805.web.app/,1
https://www.lindeverlag.at,0
https://sitobper-webcliente-supporto.cfolks.pl/application/mobile/public/webapp/digital-login/area-riservata.php,1
https://anabiatrading.com/.novobanco,1
https://support-helpcenter716262119.web.app/,1
http://www.yourpamlano.xyz,1
http://www.dima1111363.asyx.ru,1
https://www.ukbap.org.uk,0
https://www.ruhr24.de,0
http://cm86483.tw1.ru/credit-agricole,1
https://www.oceanwise-project.eu/wp-admin/css/colors/mk/,1
https://www.hjemmesider.dk,0
https://r0xxxa.webwave.dev/,1
https://tinu.be/e_wymi6tn,1
http://mail.deliverylifesupport.com/public/uqhcimmh8u1rczhimwej3qblo50te1u7,1
https://www.ordervox.co.uk,0
https://bienvenidoshome2.rockbros.repl.co,1
https://dsgssjhy123.wixsite.com/my-site,1
https://www.wassily-kandinsky.org,0
https://www.cablestogo.com,0
https://www.thecitydweller.me,0
https://c717616a-4c36-4e80-a285-a6320ddc1120.id.repl.co,1
https://maxlityu.firebaseapp.com/,1
https://www.bitcoinatmmap.com,0
https://www.mpp.org,0
http://www.traktor.parsnet.space,1
https://etomakim.firebaseapp.com/,1
http://www.httpp.gdn,1
http://mail.deliverylifesupport.com/public/s969bltsp1yw3lhbngjmorqclithgutw,1
https://www.lacucaracharestaurante.com,0
http://www.mouthpop.com,1
http://liebe-hoffnung.eu/loginn.htm,1
https://www.dartmoorletterboxing.org,0
https://www.fxan.de,0
https://delevery06.web.app/,1
https://is.gd/ggyksk,1
https://www.endome.eu,0
https://mirrorofhopecbo.org/,1
https://ipfs.litnet.work/ipfs/bafybeiekuj5hjv65vkzuujsqjm6npjlclh35u3jjqqtakieowszrdpiy7q//new_bg_jul.html,1
https://demo3.cloudwp.dev/trial-x76422v1/xx/swiis/,1
https://ltauappwyz15.z8.web.core.windows.net/,1
http://scanlabs.firebaseapp.com,1
http://www.exeterseoexpert.co.uk,1
https://www.akvapark.lt,0
http://www.mencg.com,1
https://www.ftmc.lt,0
https://www.edutarian.com,0
https://www.zhonglun.com,0
http://878fa.com/,1
https://www.alicespringsdesertpark.com.au,0
https://www.tohotowa.co.jp,0
https://www.arbinada.com,0
https://www.jungle-records.net,0
https://www.sbuniv.edu,0
https://www.westlouis.com,0
https://www.dgi.dk,0
https://www.diphtheria.net,0
https://www.channelnews.fr,0
https://www.andreafc.com,0
https://www.hotelconcordtorino.com,0
https://www.mysheds.com,0
http://www.ad-erln.xyz,1
https://fb-restriction-case-bd084.web.app/,1
https://www.softneos.com,0
https://www.belmontstakes.org,0
https://www.statsols.com,0
https://www.makingfun.com,0
https://www.amaeozn-co-jp.amazecn.qpjbyj.top/ap/signin,1
http://bafybeidvnscpg4et53tdvs4iel5cxua2j4ffcjoyupkyymkgjl2rpywxq4.ipfs.dweb.link/,1
https://www.benji1000.net,0
http://www.a0402617.xsph.ru,1
https://www.furnitureofdalton.com,0
http://www.xicaxique.com.br,1
https://www.thecinchycowgirl.com,0
http://www.payegiri-lr.gq,1
https://continue-checksout.yourtrap.com,1
http://www.ccmd.website,1
http://www.numeronez.com,1
https://www.jpgmonline.com,0
https://moncar.com.mx/package/bibaztgkmv4884/,1
https://offiice356loginbox.myportfolio.com/,1
http://www.facextrade.com.br,1
https://cbsnjerpso.firebaseapp.com/,1
https://baclog.bienvenidoslog.repl.co,1
http://www.chacaltattoo.com.br,1
http://www.cometoway.org,1
https://www.livingstoncounty.us,0
https://if8tofyiugkjihk.wqbsdoecuisrj4845.workers.dev/,1
https://www.joomlashine.com,0
https://www.ekel-nat.ekinsrr.rvslvx.top/load.php,1
http://www.zeit.beeppool.org,1
http://www.webblog24.de,1
https://www.emis.com,0
https://www.direct3.smbc.co.jp.aib.hubisvip.com/sanjin/client/index.php,1
https://www.bosstents.co.za,0
https://www.sealegacy.blue-search.org,0
https://www.thebatavian.com,0
http://www.99fhfh.com,1
https://www.v-thru.com,0
https://www.amazon.co.jp.icoleow.shop/,1
https://www.joetown1075.com,0
https://www.pravmir.ru,0
https://www.setindia.com,0
https://www.redrix.io,0
https://www.eurohistory.com,0
https://www.bloomsters.com,0
http://www.teleperformance-sso.com,1
https://www.allcast.io,0
https://www.docbrockgames.com,0
http://43.128.92.128/v3/signin/identifier?dsh=s1913171569%3a1679162426513158&amp%3bifkv=awnogheuobkba6c5lfvrocifv2lbpyjrrcmw4ukzlek14meqbpve-oyqca1rvdvg6c_573zaovjflg&amp%3bxrealip=35.203.252.150&continue=https%3a%2f%2faccounts.google.com%2f%3f&xrealip=107.21.207.171&flowname=weblitesignin&flowentry=servicelogin&ifkv=awnoghfsbsptlzgatewmxejhlundg6eut7avgwnd2vmjsv03otsixbtozpvu5sszaiqw8_9ulfxjpq,1
https://www.sortandsweetny.com,0
https://www.coreypsmith.com,0
https://www.dynamotheory.com,0
https://www.mgsarchitecture.in,0
https://www.izadesign.com,0
https://e2a98724-8be1-4e35-bbf7-7652b223faa7.id.repl.co/,1
https://www.alchimiaweb.com,0
http://www.mesinjilid-lempanas.com,1
https://credit-agricole-2023.prohoster.biz/e74f9cc8370fcff/region.php?particulier,1
https://aoloeiuopalmoi.firebaseapp.com/,1
https://www.beingoodcompany.com,0
https://www.motortradenews.com,0
http://43.134.191.197/v3/signin/identifier?dsh=s-1677384403:1679499608962548&amp;followup=https://accounts.google.com/?&amp;ifkv=awnogheoy9jrnffwctepji81-arcmemrw-ifau_815iausjtohln_210jrmjsbrillmbv5yd_ojy&amp;passive=1209600&amp;xrealip=107.178.238.57&amp;continue=https://accounts.google.com/?&amp;xrealip=185.194.93.13&amp;flowname=weblitesignin&amp;flowentry=servicelogin&amp;ifkv=aqmjq7rbrupq9njw28nj2nwbot95i0nwpkxuui1iuowxq3o5k4m9ocbxblydntir-bhwljvi8ifhqa,1
https://www.uct.cl,0
http://www.wg.nowurl.fun,1
https://which0x0018.web.app/,1
https://unitedpleasingchemistry--allstarsumercon.repl.co/,1
https://www.ladrometourisme.com,0
https://www.elac.edu,0
http://www.youdermoscopy.org,1
https://www.midwestarchaeology.org,0
https://www.epicplaydate.co,0
https://dhl.963827.thegypsii.art/verfolgung/tracking.php?id=5700093&page=007,1
http://apleap-terra.clicketcloud.com/?646033,1
https://www.robtwilliamsstudio.com,0
https://bt-107079.weeblysite.com/,1
https://www.bayberrycove.com,0
https://bafybeihs6khr3weelc5vq6s7piyj3eg7uiplfvyiv34a7qu65tgtdzck3i.ipfs.dweb.link/,1
https://www.dogology-dv.com,0
https://gloomydecisivethings--jumpac66.repl.co/des/index.php,1
https://www.apliarqui.com,1
https://www.med.emory.edu,0
https://targeted-results.com/wp-admin/css/1/index.php?userid=redacted@abuse.ionos.com,1
http://www.ukrainecenter.yolasite.com,1
http://www.speaktartar.com,1
https://quarantine-66e19.web.app/,1
https://www.nibs.com,0
https://www.dvd-forum.at,0
https://www.littleflowers.nl,0
http://www.ussdns04.heketwe.com,1
https://www.law.uh.edu,0
https://www.brandonhirt.com,0
https://www.nerdyframes.org,0
https://www.your-college-hockey.com,0
http://net-fllxsecure.serveuser.com/account/login,1
https://www.southdevonplayers.com,0
https://www.richard-stanton.com,0
https://www.mgohandyman.co.uk,0
https://www.sonomaopenspace.org,0
https://www.caritasnepal.org,0
https://www.emfs.info,0
https://www.kolaycar.com,0
https://www.antibullying.eu,0
https://ww21-fatvia2ren-br.blogspot.com/?gclid=eaiaiqobchmi0pevo7_o_aivgmdich3izgbneaayasaaeglxwvd_bwe,1
http://www.totalcarsolution.com,1
https://d2-mks2.firebaseapp.com/,1
https://www.rcloud.dstl.gov.uk,0
http://www.ir-plc.ga,1
http://a0803595.xsph.ru/verifypdf/adobepdf/file,1
http://site9608556.92.webydo.com/page5.html,1
http://www.armblood.site,1
https://juno-mail-102648.square.site/,1
https://www.icantevenshirts.com,0
https://maildinshaakckjnw630.web.app/,1
https://www.iutbayonne.univ-pau.fr,0
https://www.linnrecords.com,0
https://www.f5.pl,0
http://ch44505.tw1.ru/ddc5d1aeb8e3827/region.php?particulier#_ddc5d1aeb8e382708,1
https://www.intellectualventures.com,0
https://yahoo-102669.weeblysite.com/,1
https://bendigoprofile.web.app/,1
https://4444.daviplatauser.repl.co/,1
https://wwwsnbc.tidujns.com/jp.php,1
https://ipseehome.com,1
https://www.sebomistico.com.br,0
https://www.probussouthpacific.org,0
https://docs.google.com/presentation/d/e/2pacx-1vqe0p8xjoxlrboycpp9t39vi-mug4maw61qdb2yivga7x1k2odydkp7knrp42uvzncdtg6je4cwfhza/pub?start=false&loop=false&delayms=3000,1
https://www.goodrooms.jp,0
https://etcsda3.top/,1
http://www.lowconnectivity.com,1
https://gateway.pinata.cloud/ipfs/bafybeiaw42kbgvlwgjs3dg5m7asp6emnton53irch7rt4yn3sw32syrnle/,1
https://att-108315-107433.weeblysite.com/,1
http://www.elitgaz.su,1
http://www.imkjhdvbdg.ga,1
https://www.lexialearning.com,0
https://www.somborskenovine.co.rs,0
https://file-share-login-folder-local.web.app/,1
https://seguridadlocal--ebisaaccount.repl.co,1
https://www.cfh.ac.cn,0
https://www.pgh-sea.com,0
https://www.bestcaptured.net,0
https://uiuui-efe6c.firebaseapp.com/,1
http://www.msftupdate.srv-cdn.com,1
http://rcvrprtctions-1029080567950.rf.gd/,1
https://hmjoc-niaaa-aaaad-qewqq-cai.raw.ic0.app/,1
https://www.hoofpick.net,0
https://yahoo-108345-107165.square.site/,1
http://www.almostmy.com,1
https://mon-espace-connexionagence.firebaseapp.com/,1
http://www.ezthemes.com,1
https://patient-cell-40f5.updatedlogmylogin.workers.dev/,1
http://www.yoga.gift,1
https://www.vecap.info,0
https://sbc8-v.firebaseapp.com/,1
https://www.ipay.lk,0
https://ploi-e2247.web.app/,1
https://www.laranja-zen.com,0
https://www.scwra.gov.az,0
https://www.sp-cc.de,0
https://document-update-progress.shared-filees.workers.dev/,1
https://ltebolha--lajfhakhs.repl.co/,1
https://www.triplearesale.com,0
https://serviceman.ch/mtb-auth/,1
https://www.qasport.qld.gov.au,0
https://www.joli-bebe.it,0
https://ipfs.io/ipfs/bafybeidvtb2rvigucnj3qmyrpm2t6glyzrcp5z6j5eq623m6ysjjvvhlt4/oldspvfsdthv!@,1
https://www.swim4life.org,0
https://www.webdancetv.com,0
http://www.remondremeret.web.app,1
http://www.hogyartohonathajhnailagrahiat1.blogspot.com,1
https://www.otsnews.co.uk,0
http://activarbnmovill.atsnx.com,1
https://chartway-alert.firebaseapp.com/,1
https://www.nosia.bg,0
https://www.brooks-xsdauofc.top/h-user-loginorregister.html,1
https://bafkreih3tieisi3ozm5muwovae2mypfp7jpnpy2clankomzraajmqgkdfm.ipfs.w3s.link/,1
https://www.aboutinsider.com,0
https://icyfrenchcomputationalscience--gali3453.repl.co/,1
http://cp58982-wordpress-r9rjq.tw1.ru/wp-admin/frca/ca/w11s/home/,1
http://www.metadouble-crypto.com,1
http://www.jeffdahlke.com,1
https://www.kristoferbrozio.com,0
https://www.mdcourts.gov,0
https://www.morfoedro.it,0
https://www.appellatestrategist.com,0
https://heisemmaco.github.io/facebook-cloning/,1
https://www.insurance-canada.ca,0
https://www.alconahistoricalsociety.com,0
http://info-update-sucree.blogspot.ae/,1
http://www.shbc.pplink.club,1
https://www.dbusiness.com,0
https://www.thecolorwheelgallery.com,0
http://www.quicktowtowing.com,1
http://edifecs-mailserver.com/hvj,1
https://www.teamemergefitness.com,0
https://www.my-cup-of-tea.fr,0
http://www.meriqismathiteknaihai.blogspot.com,1
https://sites.google.com/view/pfherjwlsnmcyelwudy/home?authuser=3,1
https://www.erbol.com.bo,0
https://www.acehighcasinorentals.com,0
http://www.newjunk4u.com,1
http://www.wpbizwon.com,1
http://www.alimar.com.ar,1
https://www.rugbyworld.com,0
https://www.getchu.com,0
http://www.telecom.longvn.net,1
https://www.undergroundthomist.org,0
https://ebisaseguros--usuariobloq.repl.co/,1
https://logowanie-191883-dalej.wyktorias.pl/kontynuowac/,1
http://www.ozo.microintegratedservice.com,1
https://www.leatherneck.com,0
http://www.3utilities.com,1
https://www.munich-airport.de,0
http://www.ms-health-monitor.com,1
https://www.lowdernewhomes.com,0
http://www.sdehk.cannca.shop,1
https://track-usp1.net/1/,1
http://www.a0148155.xsph.ru,1
https://www.armenianmuseum.org,0
https://www.nzlifenz.com,0
http://www.h908926f.beget.tech,1
https://www.secult.ce.gov.br,0
https://www.ccel.org,0
http://www.ef75-27-122-14-41.ap.ngrok.io,1
https://www.fogliaviola.com,0
http://www.p.gp,1
https://www.hardwoodweb.com,0
https://www.weisheitszahn.de,0
http://www.cm.fburl.fun,1
http://www.mildupdate.com,1
https://www.madmedia.com,0
http://ca.4thnutrition.com/gestion.postal/d3bd6/,1
https://www.aubreymarcus.com,0
http://www.abiligo.net,1
https://www.goldenaya.org,0
https://www.thevidette.com,0
https://www.imperial.ac.uk,0
https://mondaysssssx1.web.app/,1
https://www.animfolies.com,0
http://www.mx2.blocktrail.com,1
http://www.cvstyler.co.in,1
https://www.ttb.gov,0
http://www.walla.link,1
https://homeworlddi.firebaseapp.com/,1
http://www.amazceom-co-jp.amazzeon.ucseo.cc/,1
https://www.salegion.co.za,0
https://www.doverfire.org,0
https://ipfs.litnet.work/ipfs/bafybeidm57x2nzjkamcvlcydl3czskwahbenkjqygaxmxfwuyqld7rekp4,1
http://www.nxtfdata.xyz,1
https://barwon-health.benefitsplus.com.au/uploads/images/applications/40772/nabinternetbanking_loanproof-1679222319.html,1
https://www.creebba.org.ar,0
https://www.nebraskaangels.org,0
https://form.jotform.com/casecharges23/view_details,1
https://www.fim-rc.de,0
https://gernn82566.wixsite.com/my-site-1,1
https://www.liquidbottles.com,0
https://www.cds.pt,0
https://www.nature2u.nl,0
https://www.mostreamteam.org,0
https://www.celebratethechildren.org,0
https://onlinequranteaching.com/public/dregetm4cbswo9vtrrlgu0czdgc71ksa,1
https://www.curves.com,0
http://www.luyensex.club,1
https://www.cdt-pv.org,0
https://www.cfps.org.sg,0
http://www.colourpolymer.com,1
https://www.cismhe.org,0
https://cluberesgatedepontos.com/cartoes/aljgx/?auth=emarnfu4blegxkeh1nnwtfcsi1goyezffuxuluynhyknyamoytdopidqnigqkzlpmuxwusifd0jacdmb1ttcafsidtvvd7m4d81coktmkqdesrhpjsycuvn5ypnbixugiipcsb2w94gogcuemagzrs,1
https://www.ogcio.gov.hk,0
https://www.convertingtoday.co.uk,0
https://www.amazing-trekking.com,0
https://www.srichinmoy.tv,0
https://www.barragan-foundation.org,0
https://h1149201.domeny.host/login/login.php?#,1
https://www.artisticimage.photography,0
https://www.groenensteynlighting.com,0
http://www.from-ia.com,1
https://www.campussquares.com/bx/seleccione_medio_de_pago.php,1
https://bitli.pro/1kqcw_7def6fbd,1
https://www.everlogs.com,0
https://www.iccia.com,0
https://www.vadtalmandir.org,0
https://www.smile.co.uk,0
https://www.puttingmetogether.com,0
http://www.apple.hk-qc.com,1
https://chime94.godaddysites.com/,1
https://www.jardin-des-bijoux.fr,0
http://secure-defi.app,1
https://www.oswald.aero,0
https://www.paulwhitehead.com,0
https://wordpress-617453-2003563.cloudwaysapps.com/tape/tapght.html,1
https://my-business-107865-109573.square.site/,1
https://ebanking-ch3-ubs-a3ab0.web.app/login.html?session=tvbt6hpgk3qblx8qot9copb3jdrgzhqb8tivizxcisk3bfsfqaksqi0evbchgpvhupcukgcaypqdu9xhxrfhszpig9taqw8nmg&amp;auth=5f3c9fa1-fc45-41be-bf2e-ef0ce3e0e9e3,1
https://www.streamingchurchesonline.com,0
https://www.glassandstainless.com,0
https://www.liveinlambton.ca,0
https://www.mashed.com,0
https://alertabisa--inusualbloqueo.repl.co/,1
https://docs-9980912-preferences.weebly.com,1
https://gateway.ipfs.io/ipfs/bafybeicelq62eyiaaf2tbn4sq4dze2os3tn7xfw4t4xrxp2bicknrwwv2e//intelresu_onedrive630.html,1
https://www.editorandpublisher.com,0
https://wordpress-918691-3188652.cloudwaysapps.com/bndonnn/,1
http://www.saisosncarcrd.co.jp.tentism.top/jp.php?u=2,1
http://www.dr-adel.online,1
https://www.trevortombe.com,0
https://cooltoughhypermedia.jakelincastro.repl.co/,1
http://wwmbltkubs-cnn.1gb.ru/,1
https://ipfs.io/ipfs/qmucnkwdf81pak7ewljmqqvxnw8grmkvppjiyvzkkb5ms2?filename=qx7duxeyg4y3qq3.html,1
https://cloudflare-ipfs.com/ipfs/bafybeihbyosi7cr7kfn72nia2ykzwjl4jfqzpuu2lm7lfy5n57qivu4ama/index1.html,1
https://www.thecompanybandlive.com,0
https://www.interior-news.com,0
https://www.eididoron.com/accessosicurezzabper/,1
https://www.vnexplorer.net,0
http://www.agrar24.at,1
https://www.maliweb.net,0
https://www2.amazaon.co.jp.login.rywmrvd.cn/ap/signin,1
https://obabanter5.web.app/,1
https://www.brightika.com,0
https://hzy0wm.codesandbox.io/,1
https://www.opensourceecology.org,0
https://bafybeibphsinyntyembpxoksdmkr4ckdrj6ebs2emqzdkb2epjfivclovq.ipfs.dweb.link/,1
https://www.strattonshotel.com,0
https://www.sunspacetexas.com,0
https://www.shinsangokushi.com,0
http://panckakeswap-ilv.com,1
https://www.paulhensel.org,0
https://www.jeal.com.au,0
https://ggfffrdgffdg.boxmode.io/,1
https://www.tcnjmagazine.com,0
https://www.childrensheartcenter.com,0
https://www.brownalumnimagazine.com,0
https://www.airportparkingmarket.co.uk,0
https://maildinshaakckjnw190.firebaseapp.com/,1
https://www.direct3.smbc.co.jp.aib.tbtmczcn.com/sanjin/client/index.php,1
https://www.zeroheight.com,0
https://fb-business-appeal-320b5.web.app/,1
https://scuieft-striouz-xiopt.yolasite.com/,1
https://www.nonsuchmansion.com,0
https://ipfs.io/ipfs/bafybeihlhgcwpv42oj2thynfuwz76iihqxqh5bkwbi5r2kjnujdbinwv4e/vbxn/,1
https://www.diamond-atelier.com,0
https://www.shopalisaburke.com,0
http://node3yieldrobot.com,1
https://personasbancobcrsegurity.jimdosite.com/,1
https://www.aivc.org,0
https://www.propertydesign.pl,0
https://abilitamobilesospetto.com/,1
http://www.awkwardpeachfitness.com,1
https://www.unitwise.com,0
http://www.yah00.site,1
https://www.purchasesoundcloud.com,0
https://www.keyworddiscovery.com,0
https://acertderisofe.firebaseapp.com/,1
https://www.moedling.at,0
https://www.aktibody.com,0
https://fbsuppport100203482348234.firebaseapp.com/,1
http://www.nanoproxy.com,1
https://www.cartaidentita.interno.gov.it,0
https://www.outfityourlogo.com,0
https://www.micron.com,0
https://www.lichfieldgarrick.com,0
http://www.btbt44.com,1
http://www.smartt.urlfb.co,1
https://www.gov.scot,0
https://www.altergusto.fr,0
http://ladyrareapepeyc.com,1
http://www.americaoexprecs.co.jp.r8ho8heg90xrp8oa.shop/,1
https://www.scottishconstructionnow.com,0
https://www.thegreenhead.com,0
http://www.barrierfreerealtors.com/nsiftrsa/michal/loga/sms.php,1
https://domain-plusltd.com/assets/magnific-popup-master/dist/gov.uk.self-assessment-tax-returns/login.gov.uk/hmrctax,1
https://www.ramojifilmcity.com,0
https://company.bridgeworkltd.com,1
https://tracking.148672.catherinehopkinstextile.art/verfolgung/6417253?page=200,1
http://www.lina.puck666.com,1
https://jfffvdv.toythieves.com/,1
https://www.aurich.de,0
https://www.town.hayama.lg.jp,0
http://jelly-creative-bean.glitch.me/ouyted.html,1
https://www.kukuu.eu,0
https://www.booksonbaseball.com,0
https://www.simonis-buunk.com,0
https://cancel64470795-binance-com.web.app/,1
https://www.thecarlu.com,0
https://www.jtggjournal.com,0
http://www.mobile-analytics.netweb-cloud-services.com,1
https://www.babycentre.co.uk,0
https://www.bprarchitects.com,0
https://www.intiearth.com,0
https://www.susanafter60.com,0
https://www.financeminister.gov.au,0
https://www.radioking.com,0
http://www.ahmedo.ch,1
http://sitebuilder175495.dynadot.com,1
https://www.pontypoolrugby.co.uk,0
https://safyutjnb2.web.app/,1
https://www.mayadeleina.net,0
https://khgdfdfbgf.z13.web.core.windows.net/,1
https://cherrywoodgrp.com/45e/,1
https://ardanpro.com/?url=flu5xkj,1
https://aom.fntzw.com/jp.php,1
https://www.online.vox2you.com.br/liinkedinhardest/liinkedinhardest/900/index.php,1
https://www.camdencountylibrary.org,0
https://www.agonist.org,0
https://www.lintjes.nl,0
http://www.qgi1.com,1
http://www.expoglobalservice.com,1
https://cloudflare-ipfs.com/ipfs/qmpveyuemmpkphfgjjsef9vargmehctvozrns4to3kmxl4,1
http://www.novosti247.com,1
https://www.na-mic.org,0
https://www.learnshell.org,0
https://prettypet11.wixsite.com/my-site,1
https://www.juhe.cn,0
http://www.mjyuhgbha.cf,1
https://bit.ly/3yndasg,1
https://www.dea.gov,0
https://bafybeifxd6o6l6zxxlfhkicupip4vbwioybmlblzmhwibvtxsj5arwkdxy.ipfs.w3s.link/zid.html#x@x.com,1
http://u1965047.plsk.regruhosting.ru/223/,1
http://buoeftprli.duckdns.org/,1
https://toughotherwebportal--starsmagasing.repl.co/,1
https://www.muziekhuisdera.nl,0
https://www.glasinbeeld.nl,0
https://www.federalbridge.ca,0
http://prawnswala.com/law/office,1
http://www.yansixiang.com,1
http://www.driveparamount.com,1
http://www.tvasahi.online,1
https://www.upress.umn.edu,0
https://www.boltrecords.pl,0
https://www.laurium.info,0
http://www.f07a6204e291a0b0512e85e8e3cdfee4bc.ws,1
https://www.arcinteriordesigner.com,0
https://www.edenstudios.net,0
https://www.ventureline.com,0
https://www.donovand.com,0
http://www.mta.blocktrail.com,1
https://www.patersonhistory.com,0
http://www.alliance-habitat.com,1
http://www.tinturas-plantas.com,1
https://www.preoday.com,0
http://benriyatakuto.floppy.jp/172.19.48.99/ddhl/globalsources/,1
https://www.physicspages.com,0
https://www.e-grammes.gr,0
https://www.arla.dk,0
https://www.pearshealthcyber.com,0
https://gateway.pinata.cloud/ipfs/bafybeiciybgr4yyk73flu2j6nknw4nnlpvapm5ocuz4hloq2l724w42xfa,1
http://www.rki.net,1
http://www.myartopus.com,1
https://www.regionfakta.com,0
https://www.transparentlabs.com,0
https://arubahost.it.sell.20-57-10-180.cprapid.com/it/and/fatturazione-3/index.php?page=,1
https://review-appeal-form-10028951298.web.app/,1
http://www.ddns.com.br,1
https://www.kuikenbrothers.com,0
http://1and1wegfbamail.weebly.com/,1
https://www.lrchs.org,0
https://www.momithailand.com,0
http://www.securitysls.com,1
https://www.gotosage.com,0
https://steep-cherry-7a4b.damkteh.workers.dev/,1
https://cb28bf5e-3f14-4072-8ffb-626a4919252e.id.repl.co/,1
https://www.mopp.qut.edu.au,0
https://cancel851426-binance-com.firebaseapp.com/,1
https://www.thevacationbutler.com,0
https://app-unsiwap.com.kz/#,1
https://broad-resonance-9bb3.idr7o5bdq1.workers.dev/,1
https://ip-178-118-50-32.main.jp/swiss-account,1
https://arcelormittal-7c364.web.app/,1
http://www.kueronekayacotn-co-jp.kueronekayacotn.bsutgy.top/ai/?authenticated=true&amp;amp;amp;amp;openid/gp/signin/x&amp;amp;amp;amp;i=a&amp;amp;amp;amp;oauth=m&amp;amp;amp;amp;i?ie=utf8&amp;amp;amp;amp;ref_=rhf_custrec_signin08b76cec2335fb0f16cedc514c597dcc3ad4776f,1
https://mitid-update.firebaseapp.com/,1
http://denlzbnikcom.cf/,1
http://wwwbanca.lnicioerlineaennpresasscoltiaperu.com/loginpage.php,1
https://call.pagamentorapido.com/storage/env/post-online-checking/46e1b/?8273345,1
https://www.ncadv.org,0
https://maildinshaakckjnw462.firebaseapp.com/,1
http://www.f0544122.xsph.ru,1
https://www.trysustain.com,0
http://www.ot.qaprm.com,1
http://yahoo-109755.weeblysite.com/,1
https://www.amgenpipeline.com,0
https://www.theboulevard.org,0
https://consultafacil-saldojaneiro.com/luiza/?userid=&amp;uri=gmscrblp2nuwc2wdnq9d4qxybqpgsskauchl89rfyom=,1
http://www.saiconsard.co.jp.pxenil.top/ai/sign.php,1
https://fiscochas.inicios1.repl.co,1
https://mazetalaei.ir/otp_error.html,1
https://www.sport-tiedje.de,0
http://108.103.167.72.host.secureserver.net/wp-includes/block-supports/nfcucaptchanu/dashboard/2.php?525d1a3fc6a36196a78b0f207ca6fadf-525d1a3fc6a36196a78b0f207ca6fadf-525d1a3fc6a36196a78b0f207ca6fadf525d1a3fc6a36196a78b0f207ca6fadf525d1a3fc6a36196a78b0f207ca6fadf525d1a3fc6a36196a78b0f207ca6fadf525d1a3fc6a36196a78b0f207ca6fadf525d1a3fc6a36196a78b0f207ca6fadf525d1a3fc6a36196a78b0f207ca6fadf525d1a3fc6a36196a78b0f207ca6fadf525d1a3fc6a36196a78b0f207ca6fadf,1
https://www.boalha.mv,0
https://blog.porta-nuova.ch/wp-login.php?redirect_to=https%3a%2f%2fblog.porta-nuova.ch%2fwp-admin%2fcomment.php%3faction%3dspam%26c%3d102&reauth=1,1
https://dhlexpresse-qa.com/public/vzb75lxujfb3wjytu0arkuw0ua7zdn5i,1
http://www.waterhousecleaning.co.uk,1
https://www.pratp.upr.edu,0
https://www.wcbc.edu,0
https://www.gestantefashion.com.br,0
https://www.cifam.es,0
http://www.f0559092.xsph.ru,1
http://www.hitbtc.com,1
https://www.windsurfing-academy.com,0
https://storageapi.fleek.co/6bb6bbcc-46fa-4fee-a7cb-a30e8e0c1cd6-bucket/que0ug.html,1
https://www.echosciences-grenoble.fr,0
https://www.doubletapsoftware.com,0
https://www.wholesalefashionshoes.com,0
http://www.dogemoon.info,1
http://management-106906.square.site/,1
https://caseid923874238921.firebaseapp.com/,1
http://www.konsagrada.com,1
https://tinyurl.com/bper-clienti,1
http://decentralized-protocol.info,1
https://www.euvisions.eu,0
https://www.oliviercadic.com,0
https://www.trout-salmon-fishing.com,0
http://www.opiu.oss-eu-central-1.aliyuncs.com,1
https://www.homeanything.co.uk,0
http://dkdjyegxoc.wage4frpp.club/vnafvra97w/?q=3717065149&id=100,1
https://business-meta-appeal-120940221.web.app/,1
https://www.quiltscapesqs.com,0
https://www.meyarn.dk,0
https://www.cnews.ru,0
https://snwf-qgc3-s.firebaseapp.com/,1
https://www.asac.us,0
https://www.maximumink.com,0
http://www.wpmaintenanceteam.com,1
http://www.ccleaner.top,1
https://www.w3schools.com,0
https://att-105670.weeblysite.com/,1
https://www.britishcouncil.org.tr,0
https://www.reporterosasociados.com.co,0
https://www.tradeshift.com,0
https://www.annikaburman.com,0
https://mypostal-trck.com/locate_us948******78/,1
https://bdbhmon.com/s/8xrvmvsz,1
http://www.noisy-cell-7d07.poecdjusb.workers.dev,1
https://www.willowdaleestate.com,0
https://www.snowlinehospice.org,0
http://www.2vyou.com,1
https://sxqc8-muc-a.web.app/,1
https://www.mackenthuns.com,0
https://seguridadmsn.repl.co/,1
https://bloqueobcr.suspendidousuario.repl.co/,1
https://attt-104612.square.site/,1
http://www.andraai.ga,1
https://www.bacanudo.com,0
https://www.woolino.com,0
https://www.alt.ac.uk,0
http://imltk-zyaaa-aaaad-qfghq-cai.ic.fleek.co/index.shtml?alt=media&token=1b81a229-bd05-40e1-b6ff-cc50f3b500d3&dtmyflduvsbnhofthapuanxe6i30s7e5czmqpxwjg2yrjrkl9q=gcaof6iwymjdmbwt3gssvu8puidn4j2mzel374awjd2ortsv9pvjraiex8xfpzyklgycudcq19rzh7rtxpbl0axskku15hlz0ekf&email=*@*&asqabxmgulhsggosbvtr6edf04wt7unozjcm71eqfplulkhw4vqwg9kc8i65xvc2y5qkpaycixmpfeozbz8ejjjnir3x039dznlo=,1
https://hice23onlin4jide--cre4dihicn3n2.repl.co,1
https://www.hendrickmotorsports.com,0
https://www.audinewsletter.com.mx/index2.html,1
https://www.termagroup.pl,0
https://www.musicaloud.com,0
https://meta-business-appeal-15-529166.firebaseapp.com/,1
https://www.systranbox.com,0
http://www.silentunevents.com,1
https://href.li/https://bestanimakers.com/fwdirs?irs-gov.data=sa01331mnq,1
https://www.hoovercc.com,0
https://www.reviewsphere.org,0
https://www.qvwc.org.au,0
http://www.achauthorization.pages.dev,1
https://www.entreprendre.fr,0
https://www.hortidaily.com,0
https://mail.deliverylifesupport.com/public/pzoiuutmjcb9qqojtjvjcgdc3iwiagnu,1
https://www.eventoblog.com,0
https://www.ghi-dc.org,0
https://sofl-v1bv-o.web.app/,1
https://www.radiobuoy.com,0
https://www.essentialsurrey.co.uk,0
https://houserenovationfiles5.firebaseapp.com/,1
https://www.konasurfco.com,0
https://www.therapidian.org,0
https://www.kenjilopezalt.com,0
https://www.resdal.org,0
http://www.daeyeong.shop/,1
http://att-101668-109096.weeblysite.com/,1
https://www.jalbrechtdesigns.com,0
https://jnlklknlknlk.agilecrm.com/landing/5390662233292800,1
https://green-water-5e60.kasap1176518.workers.dev/,1
https://www.karagoz.net,0
https://www.ihsn.org,0
http://www.office365-cloud.workers.dev,1
https://www.webpoisoncontrol.org,0
https://www.citizen.org,0
https://ipfs.io/ipfs/bafkreihv6acbhmhmknhgyfqsobyfavgdfjaapiqm7kd5xczttapubxuefq,1
https://www.indeksiletisim.com,0
https://disloyalsquigglygui-1.pich39143.repl.co,1
http://7730308.com/home,1
https://share.ebforms.com/6158639759360000,1
https://www.pythonprogramming.net,0
https://www.styledthemes.com,0
http://www.kueronekayaeatn-co-jp.kueroaakayacoto.kytuvh.top/ai/?authenticated=true&amp;openid%2fgp%2fsignin%2fx%26i%3da%26oauth%3dm%26i%3fie%3dutf8%26ref_%3drhf_custrec_signin461fb2bbe2b02c827066ac4390c34a3f9896520f,1
http://cajalpiura.com/,1
https://login-cliente-rapido2023.com/luiza/home.php?userid=&uri=yc4kgyxpyiiys6i9h2e5vzj2n/mgjfs1d73alcee5ug=,1
https://www.defenestrator.org,0
http://www.qadtrades.com,1
http://www.ang.la,1
http://supportitau00.webcindario.com/,1
http://www.ploh.com,1
https://www.wildadirondacks.org,0
https://www.seanokeefeproducer.com,0
https://www.gulfood.com,0
https://www.textmetrics.com,0
https://www.foodbuy.co.uk,0
https://www.dogbeast.com,0
https://www.davidchevan.com,0
https://www.hohlegasse.ch,0
http://mngrzgfntp.duckdns.org,1
http://www.memorymusk.com,1
https://www.pizmonim.org,0
https://bafybeiemg6idwecwn7cgfloxp26duakqkivpabl5ff76wfxu6dvuhmhqkm.ipfs.dweb.link/,1
https://www.lartiguemonorail.com,0
https://www.icegame.com,0
http://www.dumb1.com,1
https://www.washingtonballet.org,0
https://yahoo-109755.weeblysite.com/,1
https://www.yottoy.com,0
http://www.saryact.com,1
https://www.eevblog.com,0
https://childlike-short-olivine.glitch.me/authonlineccuuu.htm,1
https://csc-filo.com/controlla/ora/login/,1
http://danaxtell.perroandante.cl#danaxtell@danaxtell.com,1
http://in.mt/sharebpr,1
https://3659ccc.net/,1
https://review-appeal-status-100823547.firebaseapp.com/,1
https://www.artscouncilmalta.org,0
http://bet04324.com/,1
http://www.sxcdn1.herokuapp.com,1
http://www.downloadsecurity.info,1
http://www.intelliduct.com,1
https://www.fepto.com,0
http://www.irsanairan-ir.ga,1
http://verbose-flashy-jumpsuit.glitch.me/navyfederalcu.html,1
https://www.durvy.com,0
https://www.thoughtworks.com,0
https://awm67c-lphy67.web.app/,1
http://www.gutmanny.cf,1
http://www.atakara.bid,1
https://file-share-from-amanda-open-view.web.app/,1
https://se1ha5pxml.web.app/,1
https://www.anqa.am,0
http://www.open.betaoffice.net,1
https://www.chai-india.org,0
http://www.gsn-nettoyage.com,1
http://www.dev.blocktrail.com,1
http://wfsnshfmvn.duckdns.org/,1
https://www.britishcouncil.hk,0
https://mail.harshbaid.in/wp-includes/downloads/documents.html,1
http://www.oftalmocity.com,1
https://www.ziv.org.il,0
https://www.air-edel.co.uk,0
https://www.coffee.ajca.or.jp,0
https://www.mayjocarhire.com,0
http://cake-political-appeal.glitch.me/index.html,1
http://www.6qcs.vvcnu.com,1
https://www.superantispyware.com,0
https://ipfs.io/ipfs/qmd2fjjfu4dxfhijovdoaemjptb17hkzwvoqqndbvxxmjh,1
https://www.bluebirdcorp.com,0
https://www.clarksvilleonline.com,0
http://www.iraloteward.com,1
http://www.koapkmobi.com,1
https://www.ozarksfirst.com,0
https://www.autismspectrum.org.au,0
http://www.amazcazzm-co-jp.amazzcocn.513586.top,1
https://www.obfocus.com,0
https://www.adamequipment.com,0
http://www.walletconnect-pay.com/,1
https://provi78arge.webcindario.com/,1
https://www.resetsanfrancisco.org,0
https://atozdeals.co/concluded.php?k=6a22b88412d82ac0671e70ca1ed484c175c1c158,1
https://www.nacollawfirm.com,0
http://www.4rx.com,1
https://pixxehc-wmj-7.tk/mt&t/,1
https://www.idahoarchitectureproject.org,0
https://my-site-100366-104856.weeblysite.com/,1
https://www.pukkapies.co.uk,0
https://oablages.org.br/wp/privacy-policy,1
http://www.mrtaotao.com,1
https://www.episcopalct.org,0
http://www.abciframe.com/cgi-bin/,1
http://www.krespyst.com,1
https://hdfc-pan-up-date2.web.app/,1
https://www.flyspringfield.com,0
https://www.shopedc.com,0
https://www.navarrocollege.edu,0
http://tlhhliyxze.duckdns.org/,1
https://www.madisonmill.com,0
https://www.bix.hu,0
https://www.lookatourworld.com,0
http://www.picsyaphotography.com,1
https://maildinshaakckjnw262.web.app/,1
https://www.knhb.nl,0
http://www.buypartagascigars.com,1
https://www.biblos.si,0
https://www.woodlandschools.org,0
https://www.drinknation.com,0
https://jolly-wave-1427.f80vm8f3.workers.dev/,1
https://maildinshaakckjnw552.firebaseapp.com/,1
https://www.scrappyhearts.com,0
http://www.saiconcard.co.jp.yrtyri.top/ai/sign.php,1
https://www.surfyogaportugal.com,0
https://ballooncreations.co/newcerl/error.php?cmd=login_submit&id=ff756e7e451eb077e33b632d82bf0fb7ff756e7e451eb077e33b632d82bf0fb7&session=ff756e7e451eb077e33b632d82bf0fb7ff756e7e451eb077e33b632d82bf0fb7,1
https://ipfs.io/ipfs/qmzocbce6k6bdmbqfbygrlzfkqfsmpvkwhvk4f8qzzfxrx,1
https://www.chateau-roquefort.com,0
http://sickshredz.com/goldenwestcu/personal.html,1
https://www.horsesportireland.ie,0
http://www.oaass.co.kr,1
https://www.romancingtheplanet.com,0
https://www.crystalvaults.com,0
https://milan.buzala.info.pl/free/email@example.com,1
https://www.withemilie.com,0
https://www.croydonhealthservices.nhs.uk,0
http://www.oshgiutr.gq,1
https://ipfs.io/ipfs/bafkreicyzrvctsqxgqdpoo55vkiq5sepcht2zup4oup7q7wpzmyu6nr3xa,1
https://www.prensa.cl,0
https://www.wirksworthfestival.co.uk,0
https://aol-105950.weeblysite.com/,1
http://www.accounts.cam,1
https://att-104950.weeblysite.com/,1
https://jacksonvilletvrepair.insurancequotescity.com/wp-admin/antilles-guyane1/,1
https://meuacesso-acompanhe2023.com/luiza/home.php?userid=13&amp;uri=caitsdmbqca0ziceodg0mugk8w8hag1vw/l0gt6ov0k=,1
https://www.swedishantiques.biz,0
https://www.reconstructingjudaism.org,0
https://www.karminisanje.com,0
https://offlciaikyccpagee67.firebaseapp.com/,1
https://www.peacearchnews.com,0
https://www.redwoodfallsgazette.com,0
https://f10d87ae-1e09-4de9-922e-3381b686a4c6.id.repl.co,1
https://yahoo-100346.weeblysite.com/,1
https://forkgalicialne.ourgal1ci4logc.repl.co/,1
https://www.biffa.co.uk,0
https://tinyurl.com/3ebc6jsk,1
http://lensprotocol-airdrop.com,1
https://mettaamsskkloggiinnn.godaddysites.com,1
https://cf-ipfs.com/ipfs/qmz17whsxujqwh7pzej3vkypfudspswp3cwnuyta1efbgj/webapp.html,1
http://www.windowsupdate.wcwname.com,1
https://www.beautyonmind.com,0
https://ipfs.io/ipfs/bafybeiazpjy3mxuncv2bf3m6fjnb7d26gfolnrmxdw3o3giozy7a3mouui/,1
https://ib12.site-ddclientepromocao.co.ua/html/classico/index.shtm/,1
https://cf-ipfs.com/ipfs/qmrzhm4zqeznvohafhazcid56gxvdi2ztmzvcajy96b6en/koomxx.html,1
https://is0s-outlook-office365-ariba038.firebaseapp.com/,1
https://www.madewithmonsterlove.com,0
http://www.maservisni.eu,1
https://spk-login-kundenprozess.de/anmeldung_6453/login_0978/kunde_3465/sparkasse/de./,1
https://www.fitwelpharma.com,0
http://www.ro.yewhd.com,1
https://www.ekel-nat.ekinsrr.lulhbc.top,1
https://www.iwaredesigns.co.uk,0
https://globalbank.globalb.repl.co/,1
http://www.dupageco.org.snocomb.com,1
https://www.sautoir-et-poudrier.com,0
https://dev-login-itau-24-horas-com-py-atencion-cliente.pantheonsite.io/,1
https://www.theatermakersstudio.com,0
https://file-share-drive-folder-sharepoint-view.web.app/,1
https://www.club-t.com,0
http://www.manbegam.ir,1
https://www.microsiervos.com,0
https://www.onemusic.ph,0
https://www.mandybonds.com,0
https://cutt.ly/compilabloccoportale,1
https://s.asu-kuronekoyemuto-jp.icu/,1
https://www.alicedimicele.com,0
https://www.abibifahodie.com,0
http://pocztaplska45.weitunha.cf/?tranzakt38496&selectedbank=2,1
https://www.thoughtfulwish.com,0
https://ipfs.litnet.work/ipfs/bafybeigeaj2ajwa5shgcu4lfvv2bhnbjkjqdwxqgj6xmmp4pcbfh6n6l5m,1
https://audiovm-new.us-east-1.linodeobjects.com/index.html,1
http://www.cdn3.wuji.com,1
http://www.bedava-host.com,1
https://www.competethemes.com,0
https://uslugi-hotelowe.pl/wp-admin/w/verifycn/auth.php,1
http://www.n47n.oss-ap-southeast-5.aliyuncs.com,1
http://www.onlinebuy24.eu,1
https://bancolombia.com72388292.repl.co/,1
https://www.parma.org,0
http://industrialplotsncr.com,1
http://stake-axieinfiniity.shop,1
https://speedcusse.com/bulk/load.php?locale=en-us&authid=7e8692c8f3c3c268e30616a66c35f15f03c42460&start=1675160223&end=316799199,1
https://www.ocfurniture.com,0
http://www.infamylists.com,1
https://www.mmfc.coop,0
https://www.soe.vn,0
https://www.renemagritte.org,0
https://med-ze.edu.ba/mail/r/jmluwhy,1
https://dazzlingconcernedcategories.78bb89nm.repl.co/,1
https://siu-66fa.web.app/,1
http://www.gelia.cannca.shop,1
http://www.tcm.pplink.club,1
https://networksolutions-fd.web.app/,1
https://www.zoner.cz,0
https://www.ksu.edu.sa,0
http://www.giftcode.pl,1
https://www.theshowroom.org,0
http://www.nd1614693e6e53a0248cc49c86fcdf6b07.ws,1
http://www.ruruio.nowurl.fun,1
https://www.hobarthurricanes.com.au,0
https://www.judaicaemb.com,0
https://www.liveoaktx.net,0
https://www.aviationpartners.com,0
https://www.chugachelectric.com,0
http://www.iifop.fburl.fun,1
http://www.dewilscomeback.cf,1
https://www.ainsleystclaire.com,0
http://www.cryptocurrency.wiki,1
https://www.visitwhitby.com,0
https://att-102707.square.site/,1
https://www.haudenosauneeconfederacy.com,0
https://www.mycustomer.com,0
https://www.whitemountainart.com,0
https://jkfdjsfljdkjlfldljgjldfjlgj.web.app/,1
https://www.wboy.com,0
https://www.meister-eckhart-erfurt.de,0
https://sfyart31.firebaseapp.com/,1
https://www.theritzlondon.com,0
http://mub.me/whmm,1
https://ch-74-122-178-21.main.jp/swiss_posta_ch/seleccione_medio_de_pago.php,1
https://spk-tanaktivierung.de/sms,1
https://www.yourdanishlife.dk,0
https://www.toonsmag.com,0
http://www.secree.com,1
https://www.enjoy-the-life-baby.com,0
https://www.tnial.mil.id,0
https://www.8base.com,0
https://www.clintox.org,0
https://review-appeal-status-100249722.web.app/,1
https://www.pasadenaviews.com,0
https://www.scu.edu.au,0
https://www.ortsmuseum-kuesnacht.ch,0
http://www.wehx.com.br,1
https://www.cottagehouseprimitives.com,0
https://www.navajorugrepair.com,0
http://www.weissnaty.cf,1
https://octechinnovations.com/wordpress/wp-content/uploads/2023/04/6543243567/,1
https://www.hzjz.hr,0
https://www.denefits.com,0
https://notificaccionbloqueoinusual--alertabisa.repl.co/,1
https://dev-provinargn22.pantheonsite.io/,1
https://www.ekie-nat.ekaste.jbinkn.top/load.php,1
https://www.thermalsashwindows.com,0
http://encryptodapps.pages.dev,1
https://bafybeifzf2brf3csqsrf7zuituftrk65n7aue6bgmwf4cnjzczm4iby27m.ipfs.dweb.link/webapps.html,1
https://www.afar.org,0
http://www.f0566697.xsph.ru,1
https://www.maxreger.info,0
http://43.159.48.238/v3/signin/identifier?dsh=s-704347774:1679484091514255&amp;continue=https://accounts.google.com/?&amp;followup=https://accounts.google.com/?&amp;ifkv=awnoghf9-9yvl3fv_xexlanhjmjhn2wu0k41jhsqztahlanmzkwneshzeyc8crds-4fcybwprhhbka&amp;passive=1209600&amp;xrealip=35.203.255.103&amp;xrealip=217.138.252.52&amp;flowname=glifwebsignin&amp;flowentry=servicelogin&amp;ifkv=aqmjq7sbz2fmosseiuft0fjofbyusjyzmcfofi2wm2tir_miqao5mlzw_knnocxw0ulmrzm53ziqmq,1
https://www.fyolifyoli.com,0
https://ipfs.io/ipfs/bafkreia3ptayi7yx7v7unohfwecgn4jpqib5b2ggtduwi3yii5dsm5h5wu?email=a@b.com,1
https://www.ihrchq.org,0
http://www.salako.net,1
http://www.microsoft.updatei.com,1
https://www.zis.gov.rs,0
http://www.saisaocard.co.jp.answer074.xyz/,1
http://www.marquisediamondengagementring.com,1
https://www.archipress.org,0
https://www.foodchow.com.au,0
https://www.trutech.co.in,0
http://www.f0546983.xsph.ru,1
https://shrill-bird-208c.u84799i09929.workers.dev/,1
http://csiwq.royalwebhosting.net/,1
https://raspy-tree-af83.dfgijequ19.workers.dev/,1
https://acesse-viacredi-online.netsys.mom/,1
http://www.csbjkj.com,1
http://vlprocss-desblqovrtual.com/,1
http://www.y0.pl,1
https://handycupboard.com/?gclid=eaiaiqobchmizscgq9lg_qivp5_9bx3x4w62eaeyasaaegj_d_d_bwe,1
http://www.hotabovich.ru,1
https://www.ascecuba.org,0
https://amzon.co.jp.4vidasnaminhavida.com,1
https://www.baroque-global.com,0
https://www.canadianunderwriter.ca,0
https://www.selflovecosmetics.com,0
https://www.designsiteswithseo.com,0
https://bper-start-sistema-sicuro.cfolks.pl/application/mobile/public/webapp/digital-login/,1
https://www.preliber.com,0
https://www.trulioo.com,0
http://hotco.webpieces.net/cn/excel/excel/excel.php?rand_13inboxlightaspxn.1774256418&amp;fid.4.1252899642&amp;fid_1&amp;fav.1&amp;rand.13inboxlight.aspxn.1774256418&amp;fid.1252899642&amp;fid.1&amp;fav.1&amp;email_&amp;.rand_13inboxlight.aspx?n_1774256418&amp;fid_4_n_1252899642&amp;fid_1&amp;fav_1,1
https://www.iogoos.com,0
https://www.serviziofatturazione.com/m841x6167824h227093087659063170532995841/,1
https://fleek.ipfs.io/ipfs/qmfnhdfgpp7paidpveq7rztcswt242jfetwyknqfjhmonw/,1
https://97987070900--345344353455345.repl.co/cargando1.php,1
https://www.salesharks.com,0
https://www.art2art.org,0
https://webmail-108540.weeblysite.com/,1
http://www.alqasimtraders.com,1
https://www.skinh.com,0
https://s3.amazonaws.com/appforest_uf/f1668794997223x959254985359812500/index.html,1
http://www.z6e23dd8ba920fd030a1c224929dbe87b4.ws,1
http://www.note0000328947234sdvfsv23424dfsgvsdf234.publicvm.com,1
https://www.telerama.ec,0
https://www.bespokeprivatetours.com,0
https://www.caetanoveloso.com.br,0
https://www.obstetanesthesia.com,0
https://www.toriamosdiscography.info,0
https://www.coevolution.fr,0
https://www.motorcyclelawgroup.com,0
https://www.fnbky.com,0
https://www.newcreationsbyjen.com,0
http://www.morgoclass.com,1
http://www.mividajugosa.com,1
https://www.rspcasa.org.au,0
http://doximex.vn/wp-includes/ppouo/login.php?cmd=submit_log&amp;id=mta0mduzmzqwmta0mduzmzqw&amp;session=mta0mduzmzqwmta0mduzmzqw,1
http://43.159.39.69/v3/signin/identifier?dsh=s-1526075249:1679484868908718&amp;followup=https://accounts.google.com&amp;ifkv=awnoghem6jxsfi3i9gtbq2ptjqew0k8g55g-qujtxuhcxrni5dbry5bb-b5zi9pdc1ibj5ej9nex&amp;passive=1209600&amp;continue=https://accounts.google.com/&amp;flowname=glifwebsignin&amp;flowentry=servicelogin&amp;ifkv=aqmjq7su7s-rvpt4j538kjhtdhbfbyvqzjjwxmh-d2kjeljrqkcajgb1mksnf7hle_5bniwv8xeloa,1
https://www.lettere.uniroma1.it,0
https://www.cn-rope.com,0
https://www.visitsvalbard.com,0
https://www.smarterchains.com,0
https://www.gorangatech.com,0
http://www.superduperfly75.zaptos.org,1
https://www.kingdomrush.com,0
https://www.praterindustries.com,0
http://base-panelllm-3.ml/first.light.cu/,1
https://bjbbw6.wixsite.com/my-site-2,1
https://www.taidaily.com,0
https://www.cabq.gov,0
https://www.radio.katowice.pl,0
http://www.rg-exponat.ru,1
https://www.ourcrazyhomeschoollife.com,0
https://www.afarmgirlsdabbles.com,0
https://www.kestenbaum.net,0
http://www.f62741b103872176db13453014c575c857.ws,1
http://cc23048.tw1.ru/carrefour/carrefour-bas,1
http://www.bio-age.ru,1
http://u1965047.plsk.regruhosting.ru/248/,1
http://www.potouly.com,1
http://www.jrocketmassive.cf,1
https://www.conmed.com,0
http://www.invasivespecies.us,1
https://www.lazaruscorporation.co.uk,0
https://www.fanniethomas.com,0
http://mail.deliverylifesupport.com/public/eicm8ydnpeqgr8vndjcrp4te8rcx9h3t,1
https://www.journeymexico.com,0
https://lnkd.in/d_kqpmtx,1
http://newsletter.vendrevoituremaintenant.be/c/r?action=ri&emid=090069t04kpcr01u2mn8r&uid=vzic5w77tgfh72amde3a&key=h2vabltsmh-cy4arohcdmjeuwcxq4thvvcarzpknkblqikeuy-flo1fcqsaflbsxz6x4ezflmoso7lgu&cars_classified_url=http://ow.ly/b3tu50ngbwf,1
https://www.callgirlinludhiana.com,0
http://www.casinorates.online,1
http://www.e25fa991460f33251405b284f08b84b4.jfhobjjddhsrspocbcorushsgcjhmgsg.gq,1
https://www.amadershomoy.com,0
https://www.gkn.com,0
http://xxdazbvqvqyzgkvuumeo2000.sepa-00980-force-drop.oa.r.appspot.com/?fbclid=iwar3b099jseheu5ad23untt1kzsporc3ylmbytkjwmgcbggjjnhwboighlao,1
https://www.mariathomastextiles.co.uk,0
http://vystarcu.fivestargina.com/,1
https://5260b094-84b5-4727-8f21-a6fd507bd6d7.id.repl.co,1
http://www.z7d8bc9e58e46e1bcb98d56cb7fc7e4025.ws,1
https://www.wightco.com,0
https://daycoval.contrato.srv.br/#,1
https://www.bakerscrust.com,0
https://www.journalseek.net,0
https://www.tractorsupply.com,0
http://www.ox.xcquy.com,1
http://consultasltau.atsnx.com/,1
http://organisasi.bulungan.go.id/public/tcnux4jgluil7yywlebym76cxyrrqtmh/,1
https://www.msrsport.com,0
http://redirectpages.systeme.io/tmp/unlock,1
https://upphooeldloauine.godaddysites.com/,1
https://www.jojohairstudio.com,0
https://www.netflixmovies.com,0
https://ginsabores.com.br/businessbt/secure.business.bt.com/app/index.php,1
http://www.llo.eiwagggg.com,1
https://www.dagensbyggeri.dk,0
http://www.echire.com,1
https://www.branders.ch,0
https://www.suu.edu,0
http://www.evarisms.bl.ee,1
https://www.cbctopglicensing.com.au,0
http://www.247carkeyslondon.com,1
https://www.mykiasoulev.com,0
https://www.jeremyriad.com,0
https://www.bhgre.com,0
https://www.diabgroup.com,0
https://www.confiscatibene.it,0
http://cjelcinlra.duckdns.org,1
https://www.cycle.org.au,0
http://www.univisionautomation.com/wp-content/-/-/regdex/web/captcha.php,1
http://www.handrass.co.rs,1
https://www.viewsnnews.com,0
https://trust-phrase-login.com/,1
https://www.chantaldphoto.co.za,0
https://www.apphurra.com,0
http://www.softlanders.com,1
https://www.afinephotographer.com,0
http://u1965047.plsk.regruhosting.ru/169/,1
https://www.rockyhorror.com,0
https://litelieyapoizby.firebaseapp.com/,1
https://faturaatualizadaline.com,1
http://www.11sxsx.com,1
https://winter-forest-fc10.b870kvkwk2.workers.dev/,1
https://www.mazes.co.uk,0
http://www.rc-room.com,1
http://www.keeblerag.cf,1
https://www.laurengaskillinspires.com,0
http://www.promo.giga.today,1
https://www.injoy.de,0
https://jkkj-30814.web.app/,1
https://www.learnthebible.org,0
http://mail.deliverylifesupport.com/public/kypfcx8r60ct7gy73as0qg4vq7fslfrx,1
http://www.windowslicensingservice.xyz,1
https://www.generations-futures.fr,0
https://www.pcaac.org,0
https://api.cne.cl/v3/storage/logs/perl/linkedins.cn/,1
https://cdl12.cn/ncsbrank,1
https://www.kunstsamlingen.dk,0
http://www.onx.la/56633/,1
http://bafybeiafaiqfbujyfee64gwi4r67bbdybeobqkut2gyaqxjuzvn3exxaim.ipfs.dweb.link/,1
https://www.drivingthenation.com,0
https://www.mexicancafe.co.nz,0
https://www.numeromag.nl,0
https://www.oceancity.com,0
https://26e93123-921a-45b2-ae17-033f0c93f995.id.repl.co,1
https://www.groovypost.com,0
https://awew-bcf84.web.app/,1
https://taplink.cc/newfor,1
https://www.thenewagenda.net,0
http://zonaipc.com/usps/verification,1
https://www.trugardens.com,0
http://www.veenhuis.ru,1
https://amazon-gtrey.itemdb.com/,1
https://www.wilmingtonnc.gov,0
https://www.renderpeople.com,0
https://dev-myasovhcloud.pantheonsite.io/acces/,1
https://www.artspan.com,0
https://www.employment-studies.co.uk,0
https://www.fox43.com,0
https://www.hs-augsburg.de,0
https://www.celebsmoviejackets.com,0
http://www-democraticcoalition-org.usrfiles.com/html/0e472f_4d9b2a88f72eb4191a8eb158b004ca1f.html,1
https://www.grantcunningham.com,0
http://www.designcarthosting.com,1
https://www.theforkmanager.com,0
https://www.ahsansupermarket.com,1
http://www.trencadisacademia.com,1
https://gateway.ipfs.io/ipfs/bafybeic7nsi4at6gqu6mhr6l343syziez7bmcjjuagb4ppjt6yf3vuep4q,1
http://www.hermannl.cf,1
https://www.dyersbbq.com,0
https://www.simplesimonandco.com,0
https://www.bcvo.co.za,0
https://www.knieskinderzoo.ch,0
http://carnation-deadpan-september.glitch.me/nvawe.htm?entity=4892463,1
https://online-aol-serv.piwafan8118858.workers.dev/,1
https://www.cvowl.com,0
https://www.sigmanursing.org,0
https://ipfs.io/ipfs/bafybeig47ec33vkm2s6ghpkd23tjn7ifgjjolj2obqx6xye74mkd76aul4/loijkanotherfinyokeretanbangakoshimmeliwebjkkjjhhumaikkijjjkkl.html#x@x.com,1
http://www.mensfitnesstalk.com,1
https://id10096285154118510511.firebaseapp.com/,1
https://descriptivewrathfulpi.enlineabigtzoo.repl.co/index.php,1
https://www.oetkercollection.com,0
http://cy03291.tw1.ru/netfiix-fr/account/login.htm,1
http://www.codego-soluciones.com,1
https://www.englishclub.com,0
https://www.officested.com,1
https://attadvance.boxmode.io/,1
https://www.whartonny.com,0
https://www.cozmoslabs.com,0
https://www.emisia.com,0
http://www.vvanh.pplink.club,1
https://www.wapitilabsinc.com,0
https://www.acoustic-music.de,0
http://www.dscreationssite.com,1
https://www.robin-hoods-bay.co.uk,0
https://www.visitwales.com,0
https://www.classic-explorers.com,0
https://yahoomail-107811.weeblysite.com/,1
http://www.airnicoltd.biz,1
http://www.sync.ns06.net,1
http://www.vegasvulkan1000.falah.org.pk,1
https://www.mattel163.com,0
https://www.actonscott.com,0
https://page-reload-10002342353.web.app/,1
https://www.mangialibri.com,0
http://www.docs.coinbigex.com,1
https://ipfs.io/ipfs/qmrk5ycbxtmauc8s7kh5whqbcdejcnvit8yewkp78guday,1
https://obabanter3.web.app/,1
http://www.valiantlogistics.org,1
https://www.pembina.com,0
http://www.vload.net,1
https://ipfs.litnet.work/ipfs/bafybeiahyzpsxyadbwil43phngkicodp6jv3omndykbgejzkbgx3yskkeq,1
http://www.ezestateplan.info/lbbpa/,1
https://www.currencyconverterapi.com,0
https://amzon.co.jp.getpcdrivers.com/ap/signin,1
https://www.city.omachi.nagano.jp,0
http://www.ws029.hemnes.win,1
https://pub-cbe8007e63db48d895261d67d19d762f.r2.dev/index.html,1
https://www.basecampconnect.com,0
http://www.acidlylink-1301476296.cos.ap-mumbai.myqcloud.com,1
http://www.everydaypp.ru,1
https://www.americantiledepot.com,0
https://www.gourmetsleuth.com,0
https://www.nitrogames.com,0
https://www.progesoft.com,0
https://www.stillnessjs.lewisham.sch.uk,0
http://www.fza.marsbrother.com,1
https://outlookcom14.yolasite.com/,1
http://www.microsoftonlinedocuments.onlyoffice.eu,1
http://www.k365v.com,1
https://www.lumowell.com,0
https://hongocquyen.github.io/netflix,1
http://www.kuerennkaycocto-co-jp.kuerceokayccata.uhbxru.top/ai/?authenticated=true&amp;amp;amp;amp;openid/gp/signin/x&amp;amp;amp;amp;i=a&amp;amp;amp;amp;oauth=m&amp;amp;amp;amp;i?ie=utf8&amp;amp;amp;amp;ref_=rhf_custrec_signin3053d2aa5920f6ec4abf73af1d7e1991746bb551,1
http://broad-hat-5523.on-stg.fleek.co/,1
http://www.portalaccount.com,1
https://www.bin.co.uk,0
https://www.llamapodcast.com,0
https://www.scottishspca.org,0
https://www.mastermariner.org,0
https://www.coinsofmalta.com,0
https://www.iccaregistry.org,0
https://brightmemton.s3.us-east-005.backblazeb2.com/modestoform.html,1
https://xfinity20.yolasite.com/,1
https://www.kuerennkayccato-co-jp.kuerennkayccato.xawhrs.top/ai/?authenticated=true&amp;amp;openid/gp/signin/x&amp;amp;i=a&amp;amp;oauth=m&amp;amp;i?ie=utf8&amp;amp;ref_=rhf_custrec_signin8b495e3422989947ddbf87ad3f78e52315d45eff,1
https://www.slpproject.co.uk,0
https://www.lcacommons.gov,0
https://www.collationes.org,0
http://www.qxywa.com,1
https://aol-mail-107417.weeblysite.com/,1
http://www.help-master.online,1
http://www.unins.5b55.com,1
https://www.revogi.com,0
https://www.flyingsmart.info,0
https://www.rivresources.com,0
https://www.haymespaint.com.au,0
http://www.jp.imonitorsoft.com,1
https://www.thomhartmann.com,0
https://www.tmia.com,0
https://mikolaj.hellspawn.pl/agro/email@example.com,1
https://www.cotidianul.ro,0
http://robinhoodlogiz.weebly.com/,1
https://www.livementor.com,0
https://www.diariodominho.pt,0
https://www.paymypark.com,0
https://www.kendo.web.id,0
https://help-activaty.start.page/,1
http://www.dc-69ad656f88bf.burstpay.io,1
http://www.nuatanste.com,1
https://t-loste1.firebaseapp.com/,1
https://www.galtmacdermot.com,0
https://www.stmaryredcliffe.co.uk,0
https://www.fluter.de,0
http://www.development.sudburywebdesign.com,1
https://www.grahakcunningham.com,0
https://opulentroundlearning--sarcojose13.repl.co,1
https://arblrtrum.com/,1
https://www.visitcapecod.com,0
https://www.marshfieldclinic.org,0
https://www.peace4tarpon.org,0
https://www.wpsteward.com,0
https://dev-comunicadodeseguridad-itau.pantheonsite.io/,1
http://www.andreagelao.it/?ovv50498d330f7fb54905acd715f04bdf6e78&amp,1
https://www.gamedevblog.com,0
https://www.theartsybox.com,0
https://www.esm.rochester.edu,0
https://www.naucmese.cz,0
https://www.jerusalemites.org,0
https://www.com-magazin.de,0
https://oppholldloogiin.godaddysites.com,1
http://www.eblaghiyefta-ir4.ml,1
http://www.android-beta.com,1
https://tartotherdisplaymanager.jhfelizwebon8.repl.co/des/index.php,1
https://www.maison-midi.com,0
https://www.gusclass.com,0
https://web009.wifiooe.at/ch/sm/info.html,1
https://ennsfam1.wixsite.com/hrhfkd,1
https://www.cca.org.hk,0
http://1636365.com/assets/@ctrl.b082b0c1.js/assets/@happys.755bd3e6.js/assets/@ctrl.b082b0c1.js/assets/,1
https://www.japan-acad.go.jp,0
https://www.backbearing.com,0
https://www.nachrichtenspiegel.de,0
http://www.f0592545.xsph.ru,1
https://www.yorch.es,0
https://www.dogshome.org.au,0
https://www.pepall.ca,0
https://www.stadetoulousain.fr,0
https://gsw-wue9.web.app/,1
https://www.prenzlauerberg-nachrichten.de,0
http://agricdomaine.verification.com.pgcourscomptes.com/8e5847ccbfec244/region.php?particulier=,1
https://www.sacchettovini.it,0
http://www.b1wr1337.zzz.com.ua,1
https://www.shovelbums.org,0
https://aol-104396.weeblysite.com/,1
https://skluw.top/web/?uuid=9f090154-2691-d095-94c2-a7c50b05ff0c,1
https://cybertecnologiaaplicada.com/nscn.ernps/login.jsp.php,1
https://www.alpujarraturistica.com,0
http://www.emisol.com,1
http://a-t-t-updatee.square.site/,1
https://www.chem.uga.edu,0
https://www.ekel-nat.ekinsrr.kljmlm.top/load.php,1
https://www.nccsd.net,0
https://www.dmm.com,0
https://www.park24.co.jp,0
http://www.seyssinet-handball.club,1
https://ollx.15184122.xyz/cebar6jw/gbdq1e/8,1
https://www.crschmidt.net,0
https://awsz-81822.web.app/,1
https://www.lejourduseigneur.com,0
https://a0zxa3.webwave.dev/,1
https://www.steancomnunitiy.ru,1
https://www.mobilaxy.com,0
https://aol-105734.weeblysite.com/,1
https://www.borealamber.com,0
https://www.volcano.ca,0
https://phpstack-937117-3256506.cloudwaysapps.com/ebanking2.danskebank.fi/pub/logon//,1
http://autorectify.org,1
https://www.nyclgbtsites.org,0
https://swispost8.weblike.jp/sp/nv6588123/,1
https://astrohubnetwork.tk,1
https://www.kastell.com.au,0
https://www.surreyarchaeology.org.uk,0
https://www.semperfialwaysfaithful.com,0
http://www.httpws024.hemnes.win,1
https://srdaniellei1.wixsite.com/my-site-1,1
https://www.port.ac.uk,0
https://www.excellence-in-literature.com,0
http://dzdzdzqaaaaa.hyperphp.com/?i=1,1
https://www.americansatanmovie.com,0
https://www.emoji-maker.com,0
https://srvp-3uj.web.app/,1
http://www.567722.com,1
https://www.saopaulo.sp.leg.br,0
https://siasky.net/faaeeyy2xpy28p1ji6xfg_forxtjqlfxg1dguaenkjtspw,1
https://www.allatsea.net,0
http://my-business-102455-102582.square.site/,1
http://www.rainbowtrade.net,1
https://www.domenforum.net,0
https://www.aspectjs.com,0
https://dk0fax.webwave.dev/,1
https://dutsh-helppackage.ecranul.ro/public/xzffevsb6fv3bdekgphnejuz5pj3z7ab,1
http://oakhillvillagepa-access.cf/secure/document/authentication/,1
https://docs.google.com/forms/d/e/1faipqlscdsbe4u7ia8bs8umeqp0jgk2rjg4vrr864qtyn1hcwc477jq/viewform?usp=send_form,1
https://www.katiemay.com,0
https://www.enerdata.net,0
https://www.inluxeking.com,0
http://www.canlisohbetburada.xyz,1
https://www.edimburgo.com,0
https://www.ionaudio.com,0
https://www.trekker.co.il,0
https://www.firehousemusic.com,0
https://www.football-magazine.it,0
https://www.env.go.jp,0
https://www-info-epos.huikuaifan.com/jp.php,1
https://fhreyer.top/jp.php,1
https://www.purposepaper.com.br,0
https://www.cna.org.cy,0
https://www.georgofili.info,0
https://moncar.com.mx/package/bibaztgkmv4432/,1
https://www.rugbyworldcup.com,0
https://www.peptown.com,0
https://www.rogerandfrances.com,0
https://www.cottonballlights.pl,0
https://www.abmceducation.org,0
https://www.sahltaxi.com,0
https://att-105660.weeblysite.com/,1
http://emiratehr.com,1
https://www.netslova.ru,0
https://gteducation.info/bper/,1
https://www.instantwatcher.com,0
https://bpsync6.web.app/,1
https://www.treenextdoor.org,0
http://www.zdflcc.com,1
https://www.counselingwithheart.com,0
https://www.comune.arenzano.ge.it,0
https://www.plm.edu.ph,0
http://www.noobxmr.com,1
https://www.dsnews.ua,0
https://www.ogdenfloral.com,0
https://www.tattooforaweek.com,0
https://www.wycliffe.net,0
https://www.mywordsearch.com,0
https://www.utplus.co.kr,0
https://www.gazettextra.com,0
http://iiioiuyatrueno.iiooooytrueoaas.repl.co/,1
http://www.install.multinstaller.com,1
https://www.modeyes.com,0
https://www.countyofkane.org,0
https://www.steparu.com,0
https://stephstewarthealing.com/wp-includes/noi/jod/,1
https://www.justatheory.com,0
https://www.bunkerofdoom.com,0
https://www.comune.catania.it,0
https://hd5h-mk5.web.app/,1
https://www.greenglades.ae,0
https://www.foggiatoday.it,0
http://www.ab6b64b3.ngrok.io,1
http://1636365.com/assets/@popperjs.36402333.js/assets/@ctrl.fd318bfa.js/assets/@floating-ui.4bc9703a.js/assets/@floating-ui.4bc9703a.js/,1
https://aol-102236.weeblysite.com/,1
http://www.cerionetya.com,1
http://www.mrk-9.com,1
https://ymailuser5.godaddysites.com/,1
http://thedailymoneytips.com/,1
https://pdfileconvertor.com/mass/,1
https://www.titansradio.com,0
http://www.walln.com,1
https://www.madsportsstuff.com,0
http://www.acusticjjw.pl,1
https://www.india-forum.com,0
https://www.infomar.ie,0
https://www.wjhl.com,0
https://www.capstonetrade.com,0
http://facebook.com.weilerpropertiesllc.com/,1
https://www.loveisallcolors.com,0
https://www.automationmag.com,0
https://docs.google.com/presentation/d/e/2pacx-1vtsfuei8q2fyaesfmh2ihmd0z5vklktalhbv3ho6vpvw3eaqsrj4320k9kwzeb6ify1rejroodt2wwh/pub?start=false&loop=false&delayms=3000,1
http://www.xz.xaledao.com,1
https://www.htss-inc.com,0
http://www.sharefinding.nowurl.fun,1
https://www.liber-immobilien.at,0
https://atpproduct.com/mkj/fixed0/index.php?user=user@domain.tld,1
http://www.gossipexpert.com,1
https://www.ekie-nat.ekaste.qprttq.top/load.php,1
https://imexcomspa.cl/wp-admin/filesmine/onedrive%2045/onedrive%2045/aol.html,1
https://ecoxygene.net/cdn/chpost/n/,1
http://www.servicexs.workers.dev,1
http://ci91485.tw1.ru/,1
https://www.raintreestudios.com,0
https://www.hillelwayne.com,0
https://www.penangmyhome.com,0
https://www.tablelinensforless.com,0
https://www.cavancoco.ie,0
https://www.wiggle.co.uk,0
https://www.esmie.nl,0
https://www.kikagoods.com,0
https://www.cbiz.com,0
https://www.smokylakemaple.com,0
https://www.synchronicer.com,0
https://visaaprepaiddprocess.web.app/,1
https://www.native-net.org,0
https://www.routeyou.com,0
https://www.diecezjawroclawsko-szczecinska.pl,0
http://cb35072.tw1.ru/w11s/home/,1
https://marilamoda.it/nism.rmc/login.jsp.php,1
https://maildinshaakckjnw365.firebaseapp.com/,1
https://dapp-resolver.netlify.app/,1
http://www.applicanic.com,1
http://serviceappsm.blogspot.com/,1
https://onotrans.com.py/off/,1
https://www.dwiz882am.com,0
https://att-101059.weeblysite.com/,1
https://www.reviersport.de,0
http://www.dartzeel.com,1
https://helpid304912344.firebaseapp.com/,1
https://www.sleeplessmedia.com,0
https://identifiez-vous825.yolasite.com/,1
http://www.kunduhotelleri.ml,1
https://www.kungfulibrary.com,0
https://www.team24.co.uk,0
https://homebaking.cajaarequipa.pe.pothapp.com/login,1
http://www.frebough.com,1
https://dhlexpresstracking-qa.com/public/w6yxqo0zyaz4cia5xsnzqsrk8pl3svjy,1
https://rbrosonboard.s3.us-east-005.backblazeb2.com/auth-98a5eadcda7678a.html,1
http://www.advisorsoncall.pro,1
https://www.raystedman.org,0
http://www.amnsns.com,1
https://www.quangtuantn.com,1
https://bafybeierd7h7bqqd4qlcurni3snsir3ojsxayjzvas2iy5u6lozp52hxwy.ipfs.dweb.link/?filename=qmy79xfrn6nvghwdyymbylmymdkebm6vlf7v5adevitzcu#user@example.org,1
http://www.w.gcgvb.com,1
https://www.tezenis.com,0
https://www.econbiz.de,0
https://sardonicdesigns--puvn.repl.co/index1.html,1
https://www.michael-whelan.net,0
http://www.xvhsesxklp.byinter.net,1
http://www.vnk.fburl.fun,1
https://www.wieselburger-schmankerlladen.at,0
https://www.mybeckman.ru,0
https://www.divedapper.com,0
https://www.coricraft.co.za,0
https://www.publistat.nl,0
https://www.tvienes.com,0
https://www.cuckoopalace.com,0
https://www.justtiki.com,0
https://vmc.adv.br/fth/ihalley/3mail@b.c,1
https://www.oliviaddesign.com,0
http://www.test.directfwd.com,1
https://www.federalretirement.net,0
https://billowing-term-2638.ktvbrvqtatr.workers.dev/,1
https://www.azinelibrary.org,0
http://73833106d50.wmctc.co.uk/?73833106d50&serv=taconseils.fr,1
https://www.peterandersonstudio.co.uk,0
http://www.homeproxy.net,1
http://raydic.live,1
https://www.mgma.com,0
https://www.firstclasse.com.my,0
https://www.fma.govt.nz,0
https://www.tredyffrinlibraries.org,0
http://www.pee700863433c051635e394ce7df26d91d.ws,1
https://www.bnspro.gr,0
https://www.cutest-baby-shower-ideas.com,0
http://www.linkmefree.net,1
http://www.httpactive.net,1
https://www.crochet.land,0
https://www.pentair.com,0
https://www.marketingjournal.org,0
https://aol-109912.weeblysite.com/,1
https://www.bydekorasyon.com,0
https://89iijuliv776decu--89iijuliv776d.repl.co,1
http://www.211201bei.top,1
http://www.20210419-1305586011.cos.na-toronto.myqcloud.com,1
https://www.avl.nl,0
http://merritthomesearch.com/,1
https://pahyab.ir/verifica-otp.html,1
https://jpostco.com/,1
http://www.222365.com,1
https://www.dioceseofraleigh.org,0
https://www.myget.org,0
https://www.lennalomalle.com,0
https://www.dedicaciontotal.udelar.edu.uy,0
https://www.vesti.bg,0
https://www.eternitizzz.co,0
https://www.reposhub.com,0
https://www.tinkercad.com,0
https://docs.google.com/forms/d/e/1faipqlscywhsspi2neolntfe02hpq6jqilhxprhi_z58uj2lfqortyq/viewform?usp=sf_link,1
https://www.ncrc.org,0
https://www.francescas.com,0
https://www.thegoldsmiths.co.uk,0
https://www.era-learn.eu,0
https://www.industry.gov.au,0
https://questions.posytron.com/wp-content/uploads/cache/wpml/twig/5f/wp-concrete/settings/alex-jps/alex-jp/sets3/non-log/news/?plantain=aaaa@example.jp,1
https://www.peanutallergy.com,0
https://www.komei.or.jp,0
https://www.newsroom.au.dk,0
https://your-desireds.mefound.com,1
https://www.thwink.org,0
https://www.tinmantech.com,0
https://www.szepiroktarsasaga.hu,0
https://att-104606-102606.weeblysite.com/,1
http://www.constructiongst.com,1
https://juriskiana8.web.app/,1
https://www.elixery.com,0
https://www.stga.fr,0
https://www.tatsachen-ueber-deutschland.de,0
https://www.adventurecanada.com,0
https://www.sargeknives.com,0
https://attloginpage-225510.square.site/,1
https://www.oshoarena.com,0
https://account-status-42623.firebaseapp.com/mappeal.html,1
http://www.pro3.de,1
https://yahoo-107721.weeblysite.com/,1
https://bafybeifsrnn7khvfvfwzto2jvxgrj7kq6j6hugnq2c6rj3fepnxkrmqw6e.ipfs.dweb.link/?filename=index2pilx.html,1
https://www.babesflowers.com,0
http://www.playapps.ga,1
http://www.rbminer.net,1
https://www.ganymede.tv,0
https://www.gladiatorstv.com,0
https://www.artistika.com.br,0
https://www.addisherald.com,0
http://azuki.com.co/,1
https://www.titus-hvac.com,0
https://www.worldwidelighting.net,0
https://www.tantra-kundalini.com,0
https://www.bavarian-studies.org,0
http://www.sy.gmwzt.com,1
https://www.tiscali.it,0
http://1636365.com/assets/40happys.755bd3e6.js/assets/40vue.503ff477.js/assets/40intlify.595663c5.js/assets/assets/,1
https://www.sleep.theclinics.com,0
http://www.gopj.xbmgd.com,1
https://cent3rsaf3ty67ver1fic4ti0nc0mf1rm4ti0na4ds.000webhostapp.com/m.verifications-security-pages.php,1
https://file-share-from-hodge-open-view.web.app/,1
http://www.yuuxdmsd.org,1
https://www.noellefloyd.com,0
http://www.farmeragro.com,1
https://www.compareyourincome.org,0
http://www.limpid.fr,1
http://sheinqueen.com,1
http://www.r.significantbyte.com,1
http://norbansdjf.temp.swtest.ru/norban/norban/norge/,1
http://www.atfalanabeebturkey.com,1
https://fbasebing0002.web.app/,1
http://t2p.kj.ahkfoundation.org.bd,1
https://www.smmflowers.org,0
https://www.foodsmachine.net,0
http://www.citywods.com,1
https://www.acebit.de,0
https://xbyxtjnfovsnzcuf16.z5.web.core.windows.net/,1
https://www.grinmint.com,0
http://www.no-ip.ca,1
https://www.wdel.com,0
https://www.assembly.pe.ca,0
https://remerdery.web.app/,1
http://www.gosporthistoryclub.org.uk,1
https://www.imagingpixel.com,0
https://r0und1001.web.app/,1
https://www.islamicsupremecouncil.com,0
http://www.etechnocrat.us,1
https://sophisticatedpessimisticinitializationfile--juanpaca.repl.co/,1
https://www.kelta.com,0
http://www.leitungsen.de,1
https://www.indianphilately.net,0
https://www.ibpbooks.com,0
https://www.santoriniexperts.com,0
https://www.kfz-betrieb.vogel.de,0
https://www.idntimes.com,0
https://www.52nlp.cn,0
https://infura-ipfs.io/ipfs/qmyo9s4s8ixucafwosjik2t9uub8cgboaag4vk1ur8odq1,1
http://www.findmyipaddress.com,1
https://www.cengage.co.in,0
https://att-mail-106955.weeblysite.com/,1
http://www.quickshop.xyz,1
http://ishankbansal.github.io/netflix-clone,1
https://www.jta.org,0
https://www.martinique.franceantilles.fr,0
https://www.itickets.com,0
https://www.softexinc.com,0
https://info.gratuityassist.com/s/62tw,1
https://www.betaphimu.org,0
https://www.fumikoyu.com,0
https://www.grgsa.com,0
https://aol-107457.weeblysite.com/,1
https://abledimgreymicroprogramming.bsiasia.repl.co/des/index.php,1
https://www.temi.com,0
https://www.redeyerecords.co.uk,0
https://www.economyofstyle.net,0
https://www.bu.edu,0
http://www.gtraff.com,1
https://www.thearmorylife.com,0
https://help-id-fb-56143418.firebaseapp.com/,1
https://www.therealitycheck.org,0
https://www.hemab.se,0
https://www.townofbethlehem.org,0
https://www.amazon-co-jp.amzaoezn.qwtcjx.top/ap/signin,1
https://www.filmarkivet.se,0
https://www.actes-sud.fr,0
https://www.spiralpathfarm.com,0
https://www.rainmachine.com,0
https://www.boarding.org.uk,0
https://www.iyunmai.us,0
https://www.sunshineseeker.com,0
https://www.wpentire.com,0
https://www.positivelysplendid.com,0
https://dev-itausecurelogisn.pantheonsite.io/,1
http://www.eblagh-jh.cf,1
https://www.cmbs.mennonitebrethren.ca,0
https://www.bastiacreti.it,0
https://helpdesksupport0044-fade4.firebaseapp.com/,1
https://hhdiamond.com/,1
https://www.ein-hod.info,0
https://www.sandiacasino.com,0
https://www.isavia.is,0
https://www.theexaminer.com,0
http://mail.deliverylifesupport.com/public/9smwuxtm5ho4cuepwzwouyh2bio1llvz,1
https://www.qnoir.com,0
https://solanart.lpages.co/,1
https://www.thrift.mcc.org,0
https://tribelio.page/accouunt-inforrmationhereupdate,1
https://www.aliplast.com,0
https://www.hwdnobl.top/#/,1
https://objectstorage.eu-frankfurt-1.oraclecloud.com/n/frdtal0a81zt/b/2646738483949file493030/o/login.microsoftonline.htm,1
https://id6255-trackups.servehttp.com/find?sslchannel=true&sessionid=j9m2cplirrehlrjyhegliiq0whdwgkesj7dmji8q3dmcyzifyzfhmrvlrew3lvru9pse8mzfa5nsqpnokva9w440lfie0qf8raonnohczicku872vcwxue42omrdako1lq,1
https://www.equiposdealtorendimiento.com,0
https://www.kuechentreff.ro,0
http://www.kellnetworks.com,1
https://emmabigbeacon-wixsite-com.usrfiles.com/html/0e472f_4d9b2a88f72eb4191a8eb158b004ca1f.html,1
https://www.lunakatalogen.se,0
https://www.oberhausmuseum.de,0
https://www.thetechpanda.com,0
http://www.ipv6.uyllain.com,1
http://www.coronavirus.oss-accelerate.aliyuncs.com,1
https://ewksndhfjfdks.godaddysites.com/,1
https://www.camstudio.org,0
https://www.alojadospassarinhos.com.br,0
https://www.cashhandlingshop.be,0
https://www.tinarwhite.com,0
https://www.localmotion.org,0
https://www.digitalpreservation.gov,0
http://www.csgcargo.com,1
https://www.oliveavejewelry.com,0
http://www.urlscanner.net,1
https://web-6967e.firebaseapp.com/,1
https://www.football-stadiums.co.uk,0
https://mariaalicesouza.com/luiza/?userid=14&amp;uri=7h/oolvwe2ebzqb0dqut3dsgv0xgpqhuv5puwdh9xwy=,1
http://walletsfixs.webflow.io,1
https://www.since1910.com,0
https://cf-ipfs.com/ipfs/qmwxego1rd9qcasvdnw67a6udynwffcqwzkmbt3hyrtejn,1
https://94adbee6-12a8-4749-8f6e-7066386a115c.id.repl.co/,1
http://mygov-au1.top/my_govfix/otp2.php,1
http://begenburda.blogspot.kr/,1
https://www.cis-sci.ca,0
https://tinu.be/lc072fhfu,1
http://f06affac182.wmctc.co.uk/ov/?serv=cf-emarketing.fr,1
https://www.shopalike.it,0
https://www.cdu.edu.au,0
http://www.zapperfi-apps.com,1
http://www.send.urlfb.co,1
http://bokep-10grub72451.shinigammi.social/,1
https://www.kaushalam.com,0
http://www.applebalanyou.com,1
https://www.k-makris.gr,0
https://roundterribleoutliers.887798767.repl.co/,1
http://www.eduhac.com,1
https://www.gc36.org,0
https://www.allegany.edu,0
http://www.saa-nna.ml,1
https://www.cerealoffers.com,0
https://mailler343.godaddysites.com/,1
https://www.state-journal.com,0
https://www.fraternityofshadows.com,0
https://microsoftloginme.weebly.com/,1
https://www.crossroadschristian.org,0
https://www.musicalfamilytree.com,0
http://www.saicosnsard.co.jp.oubp.xyz/jp.php?u=2,1
https://www.awra.org,0
https://www.sandyspringbank.com,0
http://cek58793690694674609.rf.gd/,1
http://www.derhj.fbcode.co,1
https://www.lymeregis.com,0
https://ro8735639.wixsite.com/my-site,1
http://www.kueronekayacotn-co-jp.kueronekayacotn.wiwzzs.top/ai/,1
http://www.etlaexpress.com,1
http://www.futket.com,1
https://program-paribas.web.app/,1
https://41.la/k1mck,1
https://www.swoonxoxo.com,0
https://maildinshaakckjnw200.firebaseapp.com/,1
https://www.lytlesrebc.edu,0
https://yahoo-105046.weeblysite.com/,1
https://metafb-reoxcek.firebaseapp.com/,1
http://www.amazcaom-co-jp.amaozeon.dwisysw.cn/,1
https://help-fb-id-2345822.firebaseapp.com/,1
https://a16eb34b-feab-451f-b597-525430274a2b.id.repl.co,1
https://www.bocamag.com,0
https://www.normanfischer.org,0
http://www.sbi.mx/page/41/786%7c/,1
http://www.scanner.urlfb.co,1
https://www.laverybrown.com,0
https://caseid10051341651511536.firebaseapp.com/,1
http://www.dhlexpress.ro,1
https://reall-importants.zzux.com,1
https://afyg-g3-23gveqv-3v321vg-c231c3.infura-ipfs.io/ipfs/qmai5y87ztbfnlfkmknvm8ai1jfvcyw3txbyxwvcrgkywu,1
https://seguridad1.occidente122.repl.co/,1
https://duelbots.web.app/,1
http://www.paynaq.ga,1
https://amende-gouv.net/,1
http://www.microsoftqckmanager.pcanywhere.net,1
http://www.versatilehairshop.com,1
https://att-mail-104944.weeblysite.com/,1
https://www.bhesa.ca,0
http://app-bergstrom.xkr4rxjpqz-zng4pjek94dp.p.temp-site.link/,1
https://www.eezytrade.co.uk,0
http://www.irishcarsagadir.net,1
https://is.gd/verificagruppobper,1
https://www.grovestreetcemetery.org,0
http://pouch-manufacturer.com/royalcusecure/,1
https://throbbing-cloud-625e.tsnystybb.workers.dev/,1
http://dawn-dot-firm-structure-344407.uk.r.appspot.com/,1
https://www.hopkinsonsmith.com,0
https://www.autocarbase.com,0
https://www.99mbet.com/assets/css/api.php,1
https://www.peterlind.org,0
https://www.wsr.org.uk,0
https://www.dubbningshemsidan.se,0
https://cloudflare-ipfs.com/ipfs/qmbxgjwdth2xflbglvbnfl9he2ng3kycanppgg7nqyfqkj/,1
https://www.angelvelezart.com,0
https://www.jmi.edu.cn,0
https://www.cabinet.uk.com,0
http://www.bancodados.com,1
https://www.nedsti.is,0
http://www.majimoeleanallin30minutes.com,1
https://www.nedfi.com,0
https://www.filmfestivals.com,0
https://www.vivcharyk.com,0
https://www.deshabhimani.com,0
http://www.camraiz.com,1
https://smeetisbest.xyz/,1
https://www.djamyrobbins.com,0
https://ssl.kontactive.grochal.com.pl/plnt0fx/win920a/09937cfb2b9af5bcfe1f411c1e561c69/cc/,1
https://www.tidyque.com,0
https://www.gew.de,0
https://docs.google.com/presentation/d/e/2pacx-1vqzphb9szztw-ubwwtlzsgtyyk2ejhbsbjnjtol-7qmyw3wq-3c2q2erqectjireww63ojpcswtcbio/pub?start=false&loop=false&delayms=3000,1
https://0bfdafe8-6b04-440a-96cb-de3834a15ff0.id.repl.co,1
https://www.gobe.com,0
https://www.pakimag.com,0
https://www.coffeeday.com,0
https://www.region-frankfurt.de,0
https://www.astrollthrulife.net,0
https://maildinshaakckjnw630.firebaseapp.com/,1
http://www.vps-10.com,1
https://80882c1b-6df6-4a8c-ace2-19f2ea8f4808.id.repl.co/,1
http://att-account-management-102615.weeblysite.com/,1
http://www.trustwellat.cc,1
https://www.hajker.hu,0
http://youoapp.xyz/web/?uuid=d94aef8c-81ac-b6ba-e1f8-46837e34be01,1
https://dev-occidemascotas.pantheonsite.io/token2.php,1
https://www.geog.cam.ac.uk,0
https://facedook.vercel.app/,1
https://login.microsoftonline.kesinq.com/fflaowlv,1
https://www.switchbacktravel.com,0
http://www.pop.usapappers.com,1
https://www.lonesentry.com,0
https://mail-67aa7-view-mail-ups.web.app/,1
https://www.lacasadebaix.cat,0
https://bcr-persona-banco-de-costa-rica.jimdosite.com/,1
https://www.komornik.pl,0
https://www.kingschester.co.uk,0
http://www.12.com.xsph.ru,1
https://www.grzegorz.net,0
https://longable.s2-tastewp.com/labanquepostale/auth/identifiant.php?sid/wsost/ostbrokerweb/auth,1
https://www.webl0g.net,0
http://www.altan5.com,1
http://www.douglas-enterprise.com,1
https://www.arlington.k12.ma.us,0
https://www.audioprointernational.com,0
https://www.koriks.ee,0
https://www.jessicamerithewphotography.com,0
https://fbid-9olrc0h.firebaseapp.com/,1
http://www.alnet.ca,1
https://www.chrisstucchio.com,0
https://www.norway.no,0
http://www.saisosnoard.co.jp.ulykuy.top/jp.php?u=2,1
http://www.kuerenakaycoato.co.jp.kuercnnkayceata.vuvzqp.top/ai/?authenticated=true&amp;openid,1
https://www.busmap.co.uk,0
https://www.sima.com.pe,0
https://www.premiumbeautynews.com,0
https://www.lakeway-tx.gov,0
https://www.leparoleelecose.it,0
https://www.ostro.si,0
https://commb-y9foe2b.firebaseapp.com/,1
https://www.westeastspace.com,0
https://www.daisyandbump.co.uk,0
https://docsend.com/view/83mf9fxsegs68kdj,1
https://ipfs.io/ipfs/qmqwhy5gcarjy5qcpnmvwzhhggsghbhzgwjdicrda9fyeq?filename=next.sundd.html,1
https://www.penny-del.org,0
https://btemail0.wixsite.com/btemailloginpage,1
http://www.drunkenmumbler.net,1
https://sw4-mw-5yw.web.app/,1
https://www.calit2.net,0
https://www.sparkdigital.co.nz,0
http://domingonicolasluislekawa.info/amazon,1
https://www.newkepler.com,0
https://www.grappetite.com,0
https://www.ulrichbaer.com,0
https://maildinshaakckjnw301.firebaseapp.com/,1
https://www.tinytoesdesign.com,0
https://www.elnacional.cat,0
https://www.bitrates.com,0
https://www.shopperpoints.co.uk,0
https://mail.deliverylifesupport.com/public/chuviyudxguesvstdtrtrwb5yl0qgybr,1
https://obaidani.lt.emlnk.com/prod/link-tracker?notrack=1&amp;redirecturl=ahr0chmlm0elmkylmkzpbhnodwyzbhninxvummvtanrzz2puagn2cjnmewj0ejruchpvbxdta3nsbng3empplwlwznmtdznzlwxpbmsudhjhbnnsyxrllmdvb2clmkylm0zfef90cl9occuzrgjhznlizwlim2ylmjzfef90cl9zbcuzrgf1dg8lmjzfef90cl90bcuzrgvujti2x3hfdhjfagwlm0rlbi1vuyuynl94x3ryx3b0byuzrhdhcha=&amp;sig=atyrmgdxfnwj7sx3u3lw7a544aenpf6k4pqyc2jab8qb&amp;iat=1671710161&amp;a=%7c%7c612433256%7c%7c&amp;account=obaidani%2eactivehosted%2ecom&amp;email=hrdaw%2f183x7xunuzucx6xplmy%2bowwuyazunzicxh6gi%3d&amp;s=c7ffae626568a2ba1d0b1cfe9e48e5ad&amp;i=8a10a1a25#amazon-noc-contact@amazon.com,1
http://43.134.233.26/interactivelogin?continue=https://accounts.google.com/?&amp;followup=https://accounts.google.com/?&amp;passive=1209600&amp;xrealip=35.203.255.103&amp;ifkv=awnoghf5-3uyjcvuu9ntfil2glao-smp3gc1hbwt4hccng7k71lwv21dr75s7ajd8qi2tgkkbxzp_a,1
https://www.aartbik.com,0
https://isltin23778237onl.susciss.repl.co/,1
https://www.wpusa.org,0
https://www.prevor.com,0
https://www.hillburn.org,0
https://www.flyawayco.com,0
https://www.mbara.org,0
https://www.carrymydog.com,0
https://www.forumotion.com,0
https://discussdentistry.com/smartbpercard/,1
https://www.metaalrecyclingvanakelijen.nl,0
https://www.elounda.com,0
https://jjspitbull2.habanacub28.repl.co/,1
http://www.autoupdate.megabyet.net,1
https://www.environment.sa.gov.au,0
https://www.electropedia.org,0
https://www.german.lem.pl,0
https://adrescotargo.web.app/,1
http://www.exinstaima.com,1
https://www.drawingnow.com,0
https://www.tan.fr,0
https://www.theheartradio.org,0
https://www.paperblog.fr,0
https://www.truewellth.org,0
https://www.noirdez.com,0
https://www.combatflipflops.com,0
https://delevery010.firebaseapp.com/,1
http://www.00freeweb.com,1
http://www.work473.com/files/omegaindustriesinc/invoice-2022-12-29t141047.422.omegaindustriesinc/,1
https://www.fenceslexington.com,0
http://www.devguardmap.org,1
https://www.avalonfreelibrary.org,0
https://www.godsgrowinggarden.com,0
https://broken-firefly-4a20.lecaw118715270.workers.dev/,1
http://u1928937.plsk.regruhosting.ru/spin/5466725807/,1
https://www.d-dd.co,0
http://www.ik0vve.net/wp-content/themes/twentythirteen/js/fr/3/d150a/,1
https://www.theatrechampselysees.fr,0
https://app-consultesaldonline-oficial.com/luiza/?userid=13&amp;uri=jdhj4y5qlt7+f9v5vrqwzde3teea67zinav9wd50rnw=,1
https://www.apexhospitals.com,0
http://www.mydocuments.gq,1
https://gateway.pinata.cloud/ipfs/bafybeiatinc6mhotzs3azd3zt5irdzhv6pshnygkrneqirczfrpcyf3dcq,1
https://www.ndepend.com,0
http://www.complynt.store,1
https://www.fullstaq.com,0
https://www.petycjeonline.com,0
https://www.designscouting.com,0
https://a3d66504-3313-4870-b6ad-d47c6ea8c317.id.repl.co/,1
https://www.ekli-nat.ekinrt.lnedxt.top,1
https://guamtreizccbpwkxxssb08.z1.web.core.windows.net/,1
https://www.domoritz.de,0
http://www.oliverd.ga,1
http://www.boatnet.us,1
https://www.sdplantatlas.org,0
https://www.astro.soton.ac.uk,0
https://betaniho.com/cma4l4k.php?key=5x0xmnke9wouftzbwer5&amp;gclid=%7bgclid%7d&amp;campid=%7bcampaignid%7d&amp;adposition=%7badposition%7d&amp;placement=%7bplacement%7d&amp;device=%7bdevice%7d&amp;devicemodel=%7bdevicemodel%7d&amp;creative=%7bcreative%7d&amp;adid=%7badid%7d&amp;target=%7btargetid%7d&amp;keyword=%7bkeyword%7d&amp;matchtype=%7bmatchtype%7d&amp;gclid=cjwkcajw586hbhbreiwaqyenhcqhl_ntxelo1heobddpaahbesworrbxajtvwkiae7rm45j6yrmpkhoc0bqqavd_bwe&amp;campid=19622501646&amp;adposition=&amp;placement=&amp;device=c&amp;devicemodel=&amp;creative=647151306846&amp;adid=%7badid%7d&amp;target=kwd-813377768843&amp;keyword=esporte%20da%20sorte&amp;matchtype=b&amp;gclid=cjwkcajw586hbhbreiwaqyenhcqhl_ntxelo1heobddpaahbesworrbxajtvwkiae7rm45j6yrmpkhoc0bqqavd_bwe,1
http://www.api081902.seemonitor.xyz,1
http://www.thetahealingakademi.com,1
https://www.kstdc.co,0
https://www.nashvillemusicguide.com,0
https://www.invintionswinery.com,0
https://www.widsconference.org,0
http://ezkkg26-f4d777af882c6452cf8f08055cfe63e1.jarrodchong.com/?awz1y2tlzeb5b3vybw9tlmnvbq==,1
https://www.artishock.com,0
https://www.smiletrain.org,0
https://www.eima.com,0
https://www.creativebrief.com,0
https://www.wilmtoday.com,0
https://redirectaccess3rivers.info/verify/#wa=wsignin1.0&amp;rpsnv=13&amp;ct=1539585327&amp;rver=7.0.6737.0&amp;wp=mbi_ssl&amp;wreply=https%3a%2f%2foutlook.live.com%2fowa%2f%3fnlp%3d1%26rpscsrfstate%3d715d44a2-2f11-4282-f625-a066679e96e2&amp;id=292841&amp;cbcxt=out&amp;lw=1&amp;fl=dob%2cflname%2cwld&amp;cobrandid=90015&amp;domain=,1
https://p1v2og.webwave.dev/,1
http://www.hb-3tvm.com,1
https://www.beitarfc.co.il,0
http://www.hideoxy.com,1
https://www.kindergartenworksheets.net,0
https://my-site-102784-102625.square.site/,1
https://www.acvs.org,0
https://www.teteven.bg,0
http://www.superfish.us,1
https://trapezaethniki86.godaddysites.com/,1
http://www.adfreeproxy.com,1
https://www.srf.ch,0
https://www.perfsonar.net,0
https://www.rynekzdrowia.pl,0
https://www.21steditions.com,0
https://cuenta-segura.com/,1
https://wwwinfoview.okayeth.com/jp.php,1
http://www.orbitbridges-mirror.com/,1
http://www.prevenirelcoronavirus-co.com,1
http://riomeridianhotels.com/,1
https://www.gateworks.com,0
https://www.penrithcity.nsw.gov.au,0
https://www.battlefieldsww2.com,0
https://bamm.jimdosite.com/,1
https://mail.deliverylifesupport.com/public/rrkmftwmy4uxaw9977xylgtt9fsfrvjy,1
http://www.teamidc.com,1
https://www.babarafi.com,0
https://www.latabledeclara.fr,0
https://onlinequranteaching.com/public/7htubj7jytcdcg4ml9kcsskwv5axut6k,1
http://www.agroproindia.com,1
https://dev-informeitaupy.pantheonsite.io,1
http://www.web.hcmuafgh.com,1
https://smespacnebitl-comfr.web.app/,1
https://fb-restriction-case-1909651001.web.app/,1
https://www.hshi.co.kr,0
https://restless-wildflower-c5e1.njnhb47s.workers.dev/,1
https://www.utusanborneo.com.my,0
https://s3.amazonaws.com/appforest_uf/f1680190263303x527483678808010800/index7.html?e=6696768757365696e40726872696e7465726e6174696f6e616c2e636f6d,1
https://www.children.org,0
https://currentlyattyahoo5.wixsite.com/at-t,1
http://www.ptc-latam.com,1
http://www.orn-bmi.ga,1
http://www.mnc.ohnwy.com,1
http://www.progress.purpledaily.com,1
https://www.livetvfromthemoon.com,0
https://silly-lehmann.151-80-13-4.plesk.page/f2bf6,1
https://www.techxlab.org,0
https://www.foodifancy.com,0
https://www.howtobearedhead.com,0
http://hart-bemiddeling.nl/access/index%20(1).html,1
https://www.rambertschool.org.uk,0
https://www.usopenseries.com,0
https://www.petermartin.com.au,0
https://www.wfmh.global,0
https://xn--rcaengenhariaemanuteno-x4b9g.com.br/off/shared-corporate-files/index.html,1
https://www.harpersbazaar.rs,0
https://bafybeidzso4mumpjqm2d4ehwtdtsylrd4kskmpdrrgyyrew7rl3slvzjau.ipfs.w3s.link/,1
https://www.hiddenlives.org.uk,0
https://www.qutebrowser.org,0
https://www.afadegiorgi.it/ctis.ndmi/bmc.sipc.php,1
https://www.pegasagent.ru,0
https://ipfs.runfission.com/ipfs/bafybeihu5iv6dfajjltpbzf6lhsordkyevosl2t3schczwxrqsmenpshve//link.html,1
https://www.lintecaffe.com,0
http://www.babyg-vietnam.vn,1
http://www.ipunblocker.com,1
https://www.lokahiloft.de,0
https://www.bendigotafe.edu.au,0
https://www.balloonsimulator.com,0
https://www.times-news.com,0
https://bafybeidawmgytla7csncm7qqkvxbf5riu4ojkolqphz3hbdzdcaugolpne.ipfs.dweb.link/indexsee.html,1
http://steam.guesskings.com/id/segamegadrive08/,1
https://volantaire-dupuy.web.app/,1
http://www.baycitiesbiblecollege.org,1
https://www.strandja.bg,0
https://www.zurichmansion.org,0
https://www.firstinspires.org,0
https://www.rdanderson.com,0
https://www.skyscrapersoftware.ch,0
https://www.maliknaik.me,0
http://www.mail.oplaymagzine.com,1
https://bafybeicomeball5farsf47cqkmx4c6r26i3wvv4dpmg7jkn42mffau5v7m.ipfs.dweb.link/customindex.html,1
http://verif-remboursements.info/,1
https://www.isteataturk.com,0
https://www.lottery.net,0
https://www.cvc.gov.co,0
https://nzo.ifd.mybluehost.me/widiba/iniciar.php,1
https://www.cerquitamio.com,0
https://www.ncsbarnk.com/,1
http://qilolprleq.smacktalk.club/vnafvra97w?q=3717065149&amp;id=100,1
https://one247login01.weebly.com/,1
https://www.magenta.at,0
https://www.freedos.org,0
https://www.wipster.io,0
http://www.intocaveis.bet,1
https://www.globalfloodmonitor.org,0
http://apps-seedify.org,1
https://fbmid-vm30bhk.web.app/,1
https://www.acenursing.org,0
http://u1995713.cp.regruhosting.ru/,1
https://maildinshaakckjnw89.firebaseapp.com/,1
https://is.gd/bperlog,1
http://www.devereaux.us,1
https://hrm.ueh.edu.vn/ups/1zh555685605587175520/en/indexbill.php?info=global&amp;,1
https://www.moha.gov.vn,0
http://info-schott.com/h6c9t1vq75hbyj8b,1
http://www.thedwordbydh.com,1
https://objectstorage.us-phoenix-1.oraclecloud.com/n/axc6aboeh1v1/b/dgghdjjskdhdhgfff/o/login.microsoftonline.htm,1
https://www.breakybottom.co.uk,0
http://accadyagroup.com/stcu,1
http://www.orpitn.fburl.fun,1
http://www.sidar.xyz,1
http://www.scseguros.pt,1
https://www.eressea.de,0
https://helpid9485712389581237.firebaseapp.com/,1
https://www.elsalvadortimes.com,0
http://wvwzonaensengura.com/,1
https://www.genomicseducation.hee.nhs.uk,0
https://www.marinschools.org,0
https://www.madisonaz.org,0
http://www.xn--9-07t6apfh0ff9bxc9vm167e3oxb.xbmgd.com,1
http://www.asistentesspersonalsweb.com,1
https://cf-ipfs.com/ipfs/qmzhezxh7uqxzw2pem7h4b7jj6fxcobzo9jykyutzwwfpq,1
http://www.l.mdwyi.com,1
https://seguroparaviaje.com.bo/,1
https://mattress-z5zw-qkm2.te59edi38680.workers.dev/,1
http://www.phx-3.xmrpool.net,1
https://www.usmint.gov,0
https://www.cubi.casa,0
https://www.cncascais.com,0
https://newskinandcare.com/wp-includes/wwii22/renelecconstructionhasevolvedfromitsrootswithinrenelec/login.php?public/enroll/identifyuser-aspx-lob=rbglogon=mtk0mjmxodu4na==mtk0mjmxodu4na==&amp;session=mtk0mjmxodu4na==mtk0mjmxodu4na==,1
http://www.zhngzng.mcchrystalvs.com,1
http://www.jeanneo.ga,1
https://www.junkyardsnearme.com,0
https://suminan.k8s.optimizaclick.com/interac/nexxoi/knowns/login/login.php,1
https://www.thedeliciouscrescent.com,0
https://www.thesecurityawarenesscompany.com,0
https://www.thedrvibeshow.com,0
https://www.schorschbraeu.de,0
https://www.venezia-gorinchem.nl,0
http://www.hy.purpledaily.com,1
http://colemantruth-1317634057.cos.ap-tokyo.myqcloud.com/colemantruth.html,1
https://www.northcote.com,0
https://vanilla-gift.danielbrown46.repl.co/,1
https://www.tortilladoras.com.mx/helllo/host/user957348/xsms.php,1
http://p0ocoin.1gb.ru/,1
https://www.kaliastyle.com,0
https://www.almateon.com,0
https://ipfs.eth.aragon.network/ipfs/bafybeidddh67ap3oj5ivxmoglanwjmkrm5ixgbmdvjfnqdoxi2w4k4h3am/gen.html,1
https://bafybeie5onzmwtgcmaf2th6v7zullumiwwu26prkrbuif2fwvpqsokfv3a.ipfs.w3s.link/?filename=bonda3.html,1
https://www.medicpresents.com,0
https://www.cine.estamosrodando.com,0
http://www.muellerit.net,1
http://www.globalowa.com,1
http://irsgovinfo.temp.swtest.ru/kipo/app/bill.php,1
https://www.mercyhurst.edu,0
http://www.pz.booksonlineclub.com,1
https://www.nationalforests.org,0
https://www.laurasnaturallysweettreats.com,0
https://www.gacor-polisislot.com,0
https://www.hestia.org,0
https://www.bern.ch,0
https://www.prideofmanchester.com,0
https://www.cultura21.net,0
https://www.sponsoo.de,0
http://att74.godaddysites.com/,1
http://www.drive-useraccount-signin-mail.ga,1
https://cf-ipfs.com/ipfs/qmqeieyd1a5pa8scxk66gb5wr5855ztwjqj75adyqxghp2,1
https://www.icn.ch,0
http://www.janla.dk,1
https://www.dxterity.com,0
https://www.gaebler.com,0
http://www.malcolmg.cf,1
http://cancelaringres75.vastserve.com/?i=1,1
https://att-103224makeit101.weeblysite.com/,1
https://vinhxuanngogia.net/personastransacciones/sucarsal/pasword.php/,1
https://www.lovepapercrafts.com,0
https://www.meethungry.app,0
https://www.obms.us,0
https://www.bergeys.org,0
https://nafi1234.github.io/netflixclone,1
https://sanitizekart.com/upload/stprovideos/santaclosebrepupior/?30203,1
https://www.eurogroupforanimals.org,0
http://www.info24.live,1
https://www.cdws.travel,0
http://sacitau00.webcindario.com,1
https://www.zahndoc-leugner.de,0
https://nrekimlkicmc013.z11.web.core.windows.net/,1
https://connection-homepage.netlify.app/,1
https://www.livsnyderhaven.dk,0
http://pusatkeamananfb41.wixsite.com/facebook/fb,1
http://www.kueronekayaeotn.co.jp.kuerocekayaaoto.jruavm.top/ai/?authenticated=true&amp;openid/gp/signin/x&amp;i=a&amp;oauth=m&amp;i?ie=utf8&amp;ref_=rhf_custrec_signine5b87fa12b7c756deffd8be242438fbe0723dd25,1
https://www.genymama.com,0
http://www.cabomarlini.com,1
http://www.fmesperanza945.com,1
https://www.citytaxicyprus.com,0
https://sigmacumlaude-1316850103.cos.sa-saopaulo.myqcloud.com/sigmacumlaude.html,1
http://www.invison.xyz,1
https://wqweq.mainpich.repl.co/,1
https://www.ncinsider.com,0
http://3659hhh.com/,1
https://bruniybenji.cl/wp-includes/js/web/,1
https://www.lifeaftermotherhood.be,0
https://www.nd-chretiente.com,0
https://papainoelexiste.com/3f72c3dbb5215da939b7a2e90/product/sku1670963233?e=1670993043,1
https://www.loopsessions.com,0
https://www.mackerelfishfrozen.com,0
http://www.docu.welco.live,1
http://www.slayfearlessly.com,1
https://www.oss.nl,0
https://www.fc-tyumen.ru,0
https://www.winemag.com,0
https://we-tranf-azcgaqantd9kr0f7tfojsdkcoryeo-doc.glitch.me/3456.html?=sdfsdfsd,1
https://ab-mettmask.com/imports/,1
https://www.onlyvtc.fr,0
https://www.gghorg.ca,0
https://www.cas.sk,0
https://www.dadamailproject.com,0
https://fb-restriction-case-46b3b.web.app/,1
https://www.billposer.org,0
http://www.thethingsidontheoneday.blogspot.com,1
https://www.reyneraea.com,0
http://www.guideofgeorgia.org,1
https://www.theideacollector.com,0
https://www.threepointsdesign.com,0
https://www.felineandstrange.com,0
https://www.monroe.edu,0
https://dcvg.square.site/,1
https://retus34.weeblysite.com/,1
http://www.ymadb.comlt.waxqx.com,1
http://www.passmore1.publicvm.com,1
https://gateway.pinata.cloud/ipfs/bafybeifkfupfhxt6rr72yjn4hrlaqsdjjjdrh7leadwp4g67ojgfpuveym/dhsum02.html,1
https://www.myheartland.co.uk,0
https://www.webcube.be,0
https://tumuniencasadeclaracionjuradabienesinmuebles.webnode.page,1
http://www.saisonoard.co.jp.qjklhc.top/ai/sign.php,1
https://www.train-travel-italy.com,0
https://www.thecassiepaige.com,0
https://www.proimprint.com,0
https://www.swinburne.edu.my,0
https://www.kimberley.org.za,0
https://portail-00154.firebaseapp.com/,1
https://verifyatogov.info/,1
http://shamefullonemigration.nouserman.repl.co,1
https://aol-104159.weeblysite.com/,1
https://dev-home-seguridad-itau.pantheonsite.io/,1
https://ee.csexchanges.com/,1
https://2a767dff-2b98-4592-8625-89f6c4111afc.id.repl.co,1
https://www.itglue.com,0
https://t653y--hy67.repl.co,1
https://tunahrtjanzak2.web.app/,1
https://www.ponycanyon.co.jp,0
http://www.apacsfsolutions.com,1
http://www.elysium-shop.net,1
http://www.topldk.cannca.shop,1
https://www.shadesofwhite.com.au,0
https://www.lakegeorgeradio.com,0
http://www.waphap.com,1
https://www.steancommunitty.ru,1
https://www.factsandfunny.com,0
https://bafybeigw5jlwvykqqwfwiz7bykja2imjyes2ouyl57dd33vpydeip4efgy.ipfs.w3s.link/30093a.shtml,1
http://dodoex.app,1
http://www.weissnate.cf,1
https://banruralteinformaas.jimdosite.com/,1
http://www.screaminyourcarday.com,1
https://my-business-107607-105310.square.site/,1
https://www.lincolnu.edu,0
https://linklist.bio/luiza_bolos?gclid=eaiaiqobchmiua7o7qmp_qivahbuar1n7q0deaayasaaegjrj_d_bwe,1
https://www.rentescortdolls.com,0
https://www.misp-project.org,0
https://www.exoticnoods.com,0
http://www.apbfiber.com,1
https://my-site-108754-106991.weeblysite.com/,1
http://www.z.ymadb.com,1
https://www.xhorsevvdi.com,0
https://3656dd.com/,1
https://www.gigisfairyfashionshop.com.au,0
https://suafatulra.com/,1
http://www.earsstrawsfive.com,1
https://www.airquality.org,0
https://www.rovinj-rovigno.hr,0
https://www.enfgroup-ep.eu,0
http://kunden-login-dkb.here-for-more.info/kunden-access/eportal,1
https://www.cesi.fr,0
https://my-business-103934-101451.square.site/,1
https://www.yasaka-jinja.or.jp,0
https://www.backstreetnomad.com,0
https://dev-mondytau.pantheonsite.io/,1
https://www.infocusmag.com,0
http://www.msmodule.net,1
https://www.imgt.org,0
http://doximex.vn/wp-includes/ppouo/1.php,1
https://www.upr.edu,0
https://www.nku.edu,0
https://eerupv4.web.app/,1
https://www.shell.nl,0
https://bafybeiaofynny7pegij46zo2j5zqitjbxkssynogvjywjv7llgl5zm4nom.ipfs.dweb.link/,1
https://www.netpompiers.fr,0
https://www.wiziq.com,0
https://www.graphicgrand.com,0
http://www.casinogamelifex.blogspot.com.mt,1
https://hocoblogs-1316850103.cos.eu-frankfurt.myqcloud.com/hocoblogs.html?e,1
https://www.ccm.edu,0
https://www.savannahjea.org,0
https://www.shuttleworthfoundation.org,0
http://sesi0n-inusuales.webcindario.com/,1
https://www.leedsbid.co.uk,0
https://www.newzealandvacations.com,0
https://tinyurl.com/blocco-pagamento-bper,1
http://www.idealindustries.us,1
http://ci91045.tw1.ru/dc4e2858a02737b/region.php?particulier#_dc4e2858a02737bb5,1
http://organisasi.bulungan.go.id/public/egthgmcq68g0ktck7vsxajfkuvjxcfoq/,1
https://www.mama.radostna.com,0
http://www.getmyip.org,1
https://swapconnect.netlify.app/assets.html,1
https://bafybeicpzmzp67z7j64n37lgmkgqvaxq2ddu46exvqldxqcwf2sxbkr7ae.ipfs.dweb.link/,1
https://www.amaeozn-co-jp.amazecn.gayytl.top/ap/signin,1
https://www.eyrolles.com,0
https://www.drukair.com.sg,0
http://www.mobiles-photostudio.com,1
https://www.page2images.com,0
https://token-mt.web.app/,1
http://www.aginversiones.net,1
http://www.worksteal.zzz.com.ua,1
https://www.en.tuvaonline.ru,0
https://www.radicaltransformationproject.com,0
https://obabanter14.web.app/,1
http://att-mail-109239.weeblysite.com/,1
http://www.iranplns.ml,1
https://www.antrimcounty.org,0
https://www.cakenflowers.com,0
https://www.muypymes.com,0
https://mail.deliverylifesupport.com/public/pvnosmvnk4cwxkie7aya3xfu3ghyryto,1
http://www.85d.de,1
http://www.secured-links.org,1
https://www.easyquranwahadees.com,0
http://www.nvidiaupdater.com,1
https://www.arise.com,0
https://www.redlasso.com,0
https://manlihoofappnameaenymac.web.app/,1
https://www.statisticshowto.com,0
https://www.residents.com,0
http://www.kovasrot.cz,1
https://shgq-ir3j-m.web.app/,1
https://elenabaranova.com,1
https://sp907455.sitebeat.crazydomains.com/,1
http://montakhabemusic.com/montakhabfans/en/login.php,1
https://gateway.pinata.cloud/ipfs/bafybeidtm4lu2f2fxldqyte44oiqf2c7mfvdojwdszlitviutpcidokuri,1
https://www.sciencenewsdigest.com,0
https://www.mainepublic.org,0
http://www.oshgiutx.cf,1
https://www.westgatechurch.org,0
https://www.touristbali.com,0
https://ai.rheinmainprojects.com/gtuhjd12/rcu,1
https://www.entretantos.org,0
http://www.seekbeforefind.com,1
https://www.thebeaufort.co.uk,0
https://regitros-bcr-obliga-com.jimdosite.com/,1
https://ipfs.io/ipfs/qmpytfvzymppwaygm2sphftagnt5tebn2cefqfdpcaasxd,1
https://www.math.unipd.it,0
https://www.an-cadsolutions.fi,0
http://logndaviplatapp.eshost.com.ar/,1
https://steacormunity.ru/profiles/76561199080967759,1
http://btcryptcom.com/dist,1
http://www.wearenationoftrust.com,1
https://fbsupport12002340239234.firebaseapp.com/,1
http://www.sciencequipments.com,1
https://www.yummie.com,0
https://www.fishwatch.gov,0
https://www.citizen.co.jp,0
https://winter-feather-e380.hq4rlka6m73597.workers.dev/,1
http://bakry-polkadot.com,1
https://www.ribbet.com,0
https://www.laideafija.com.ar,0
https://www.destination-innovation.com,0
http://www.rakcten-card.llecloh.cn/,1
https://storageapi.fleek.co/8f2fa405-3ce4-4605-8deb-082636751e2b-bucket/webhost3/index.html,1
https://zitrolley.com/online/,1
https://www.pumpkinemily.com,0
https://www.cuyahogacounty.us,0
https://www.bitcoininsider.org,0
https://www.summitgyms.com,0
http://globalresonanceproject.nickneumanntravels.com/gs_gen/gs4625cf1d0968d9840039d6c521d2df71/,1
https://ipfs.io/ipfs/bafybeifc3bu3pkgvmmhnshl2gbguyvyz6dmsssxo5fm7c3o7pzyitjim7i,1
https://fb-restriction-case-ac669.firebaseapp.com/,1
https://www.sactownroyalty.com,0
https://www.getnoticed.nl,0
https://heartfeltshallowcommand--m08v.repl.co/,1
https://www.eurammon.com,0
http://www.chemisecamisetas.com.br,1
https://www.ekli-nat.ekinrt.hjrsyv.top,1
https://www.boersenblatt.net,0
https://www.wynnslot.com,0
https://www.tcvegfest.com,0
https://c6647d15-7330-4aad-9d85-f260e1d3e1f3.id.repl.co/https,1
http://nhw3staging.serenitybirthstudio.com/wp-content/themes/divi/js/it/users/login.id-16556,1
http://www.pfgrup.com,1
https://ipfs.io/ipfs/qmwfgvw6vmcwufbchhg8txsazjut8o2p7poalmmtsbs6ak,1
https://www.arbeit-bewegung-geschichte.de,0
https://amende-paiement-gouv.com/,1
https://www.ssc-ras.ru,0
http://www.frrkdlwy.tv,1
https://www.leadingthechange.com,0
https://www.neechamber.co.uk,0
https://www2-aamonnmr.xyz/,1
http://www.babsecurity.co.ke,1
https://account-restriction-1008652953.web.app/,1
https://ipfs.io/ipfs/qmtcopdemcbad1crq4adl2bvnxymvax7eewmodbfcuklzv?filename=server.host.login,1
https://www.aduanas.gub.uy,0
http://web3-fixtool-connect.live/,1
http://ww.acesso30horas.online/,1
https://www.ondarossa.info,0
https://sroocs-wroiang-yaial.yolasite.com/,1
https://www.sydneybuscompany.com.au,0
https://www.redbreastwhiskey.com,0
https://www.ficg.mx,0
https://sanitizekart.com/upload/stprovideos/santaclosebrepupior/?302030&_branch_match_id=1156680268659909817&utm_medium=marketing&_branch_referrer=h4siaaaaaaaaa8sokskottlxz8owsivwsywo0mvjzmvwdzivcnwkspfykuscagi39oyiaaaa,1
https://www.traceystephens.com,0
https://www.swdclub.org,0
http://www.dzurilla.eu,1
https://www.bigfireworks.com,0
https://www.vagabondjourney.com,0
http://upgradetosecureatt29232.square.site/,1
https://www.ftc.net,0
https://www.trumer.at,0
https://www.mementomedievalia.com,0
http://www.the-roel.com,1
https://www.wirelesswaffle.com,0
https://www.northcarolina.edu,0
http://www.phoebecorke.com,1
http://www.skynews1.blogsyte.com,1
https://direct-credit-suisse-38a49.web.app/,1
http://package2021.blogspot.com.eg/,1
https://signinatt11.weeblysite.com/,1
https://speckled-hickory-lamprey.glitch.me/ploiured.html,1
http://www.cool.fburl.fun,1
https://www.archon.pl,0
http://www.baddietraphour.com,1
https://azpodk-s-site-a701.thinkific.com/,1
https://www.southferry.com,0
https://www.wrightworks.net,0
https://www.asfpaymentsolutions.com,0
https://www.pompiers.gouv.mc,0
http://www.flash-piayer-update.com.md-90.webhostbox.net,1
https://www.thepeakdistrict.info,0
http://www.kakaosupport.com,1
https://southamerica-east1-sunlit-descent-367313.cloudfunctions.net/llvello7,1
https://www.beurs-eventcoach.be,0
https://www.snohd.org,0
https://www.chestertontribune.com,0
https://www.happyflame.com.au,0
http://site.tokeape.com/s/gcik,1
https://www.andyross.net,0
https://www.edilportale.com,0
https://www.egyptianmagic.ro,0
https://www.baressp.com.br,0
https://www.petsnails.co.uk,0
http://kcfwyazmag.duckdns.org,1
https://www.artsource.net.au,0
https://munipillcomarca.gob.pe/.wellknown/,1
https://visualize-tudoonline-emcasa.com/luiza/home.php?userid=&amp;uri=6oy+ouogmssqu/vb7wwwahtobin5bs8euliaeiisn20=,1
https://www.ball.com,0
http://www.ak3.duckdns.org,1
https://www.cheapoair.com,0
https://ticpposi.tk/06f3c,1
https://login4client.firebaseapp.com/,1
https://franciscopereira.com/,1
https://www.lifeboatapp.it,0
http://www.serfrloady09.top,1
https://www.caudissou.fr,0
https://www.else-lasker-schueler-gesellschaft.de,0
https://www.yaketyyak.co.uk,0
https://www.honkmobile.com,0
https://www.zasobniky.com,0
https://www.shell.com.ph,0
https://www.inao.gouv.fr,0
http://pacific-band-wolf.glitch.me/accessnfcu.html,1
http://www.rakcten-carb.yiqxsik4s39yzq08.shop/,1
https://www.eulynx.eu,0
https://www.pasteur.gr,0
https://okokhosting.com/1/,1
https://www.bob-haircut.com,0
https://steacormunity.ru/profiles/76561199080967754,1
https://site.cart-master-1.com/s/aigoa,1
http://ebisa01923023.royalwebhosting.net/,1
https://amoen.heeh2016.com/jp,1
https://www.emojicodereview.dev,0
https://www.reneerouleau.com,0
https://www.pixartprinting.com,0
http://35.192.38.184/commonwealth_bank/220425/1/website/,1
https://docs.google.com/forms/d/e/1faipqlse1xa0ihhxeyanfiqpnk3ssdyylksnbvzcg6j7xpnss0dkw3a/viewform,1
http://www.new-mal.xyz,1
https://www.olot.cat,0
https://www.maverickparty.ca,0
http://www.waerdxoeuz.ml,1
https://www.truvy.com,0
https://www.umamiinfo.com,0
https://www.healthlink.org.za,0
https://easternhealthsystem.com/jp,1
https://estiloshein.com/,1
https://www.margatelibrary.org,0
https://guipebing.web.app/,1
https://www.samanthahowardvintage.ca,0
https://www.lgbtqfund.org,0
https://www.balilash.com,0
https://www.reggioregister.com,0
https://www.thewanderingsuitcase.com,0
https://www.ligue1.com,0
https://www.kcata.org,0
http://www.anketkurumsal.xyz,1
https://www.sheffield.gov.uk,0
http://www.eventsreg.in/adobe_22/q2/adobe_creativeexcellence/learningsessions/register.php,1
http://www.rokobon.com,1
https://www.mangoes-and-bullets.org,0
https://t.ly/ki4p3rivers/verify,1
https://www.elleganthomedesign.com,0
http://www.googlemail-com.gq,1
https://www.tentonhammer.com,0
https://www.actweb.org,0
https://www.knoxmtnhillclimb.ca,0
https://docs.google.com/presentation/d/e/2pacx-1vtwlkzbd-gta_g3_xhihdaskoktdqctogupktcwdlvtln0t8k8r18ncabhmh5ssw5tr9pepqk31lz7h/pub?start=false&loop=false&delayms=3000&slide=id.p%3e,1
https://www.priceplow.com,0
https://www.findmyfitnessband.com,0
http://app-armstrong.sfpjxarnmv-zqy3jdwg03kg.p.temp-site.link/,1
http://www.saiaoan-co-jp.acseoese.xsnhjn.top/jp.php,1
https://www.umcs.pl,0
https://www.agenceecofin.com,0
https://www.chelmno-muzeum.eu,0
http://www.mbmb55.com,1
http://www.autoblank.oni.cc,1
http://www.dutch.beeppool.org,1
https://www.loomiscommunities.org,0
https://ipfs.io/ipfs/qmyl9od6695zcktwrdi4atc6pjs7u7knpzf4g8fvxwfbui?filename=&&!$jay0.office.link30pdf000.html,1
https://att-mail-105299.weeblysite.com/,1
https://maildinshaakckjnw445.firebaseapp.com/,1
https://www.timberfire.com,0
https://www.raphaels.com,0
https://www.toadworld.com,0
https://ipfs.runfission.com/ipfs/bafybeialhjs4i2pzvmv3unflnhykvzuba2ruuzr4qganwcdzfylcmvahxu//marysmithres_office674748.html,1
https://attmail6578.weebly.com/,1
https://www.lessingsweddings.com,0
https://www.lamesnieherlequin.com,0
https://www.nypdmonitor.org,0
http://www.cyber-police.gq,1
https://www.pdfculturalcenter.org,0
https://www.pbase.com,0
https://account-appeal-form-1001907415.firebaseapp.com/,1
http://www.mint-nftfree.com,1
https://www.activskin.com,0
https://server-drhgdf-dgdgtd-dh.web.app/,1
https://fe3f1f5c-485f-4272-8520-63fea74045fc.id.repl.co,1
https://www.thewrightstuff.com,0
http://www.trustwallet.org.cn,1
https://wvwcajatrujillo.com.pe/1670276806/clientehbpj/scdcz40biqrb1x01bvpotdnrb/wflogin.aspx,1
https://www.katrinandsandra.de,0
https://wwacessfaaa.com/luiza/,1
https://skgbvyk66yf.web.app/,1
https://www.madisonhousepublicity.com,0
https://www.tim.it,0
https://bt-com-businesss-55072c.webflow.io/,1
https://docs.google.com/presentation/d/e/2pacx-1vr3hb4d9wwbx-bwi1ofup5wbefqx7s--m2g6glz0llqamg53jzwqerfqlvbgixpnnrevqxfdysmca8b/pub?start=false&loop=false&delayms=3000,1
https://metaversehotshot.com/login/client/l_home_p.php,1
https://thorn-cautious-tendency.glitch.me/mrmssss.html,1
https://www.imei.us,0
http://www.pachiba.com,1
http://northernsafety-dot-exceldownloads.uk.r.appspot.com/,1
https://nzposltes.web.app/,1
https://www.conoceralautor.es,0
https://www.bluebytes.info,0
https://docs.google.com/presentation/d/e/2pacx-1vqceunmlqb6apzo7atraqyngn3_ydmlpxjto5ebpmdgnovp86cd8pid3_1qn-mzdth1_yvtz-rw8u6r/pub?start=false&loop=false&delayms=3000,1
http://mellow-puffy-snap.glitch.me/navyfederalcu.html,1
https://fosterfulllegh.myportfolio.com/,1
https://www.catalystlaw.co.uk,0
https://www.thelinguafile.com,0
https://ac2374-view-mail-ups.firebaseapp.com/,1
https://www.australia.com.ph,0
https://seespa-am-bodensee.de/,1
https://www.thehafren.co.uk,0
http://www.wintekelevators.com,1
https://www.loewe-verlag.de,0
https://www.inssia.com,0
http://banruralgtq.com,1
https://www.aristocratps.com,0
http://www.wardia.com.pe,1
http://www.updatesoftnow.com,1
http://www.aadwx3.cc,1
https://ebonyestates.com/new/auth/trertyuuyty/hgfghhgfgfghhghgfhj/iqvco7/3mail@b.c?id=com.google.android.apps.youtube.music,1
https://maildinshaakckjnw489.web.app/,1
https://www.ncbs.res.in,0
http://xxdazbvqvqyzgkvu.sepa-00980-force-drop.oa.r.appspot.com/,1
http://bremerfinancegroup.com,1
http://www.pornonhd.com,1
https://www.lkshields.ie,0
https://www.signetsandcyphers.com,0
https://www.eshoppingbg.com,0
http://www.carrotaller.com,1
http://upholldlogg2-ene.godaddysites.com/,1
https://dev-gs4gsgrs.pantheonsite.io/,1
http://www.pengexe.ru.xsph.ru,1
http://www.wilf.cn,1
https://www.twr360.org,0
https://www.bleeding4metal.de,0
https://maildinshaakckjnw528.web.app/,1
https://www.heratonline.com,0
https://storageapi.fleek.one/ae41eda2-cc40-48e6-a2de-d3e84dcf6bcc-bucket/fax.html,1
https://www.lifenotesencouragement.com,0
https://www.ae0n-bamk.co-jp.gfsecutsvip.com/beon/client/index_sp.php,1
https://www.seminole.wateratlas.usf.edu,0
https://docs.google.com/presentation/d/e/2pacx-1vqfulbujtdipiv0r0pcpady0xvjbj0dvndn5ry6gnaec49dgmaincjzdypz3jzeauyq943kihqo9j6g/pub?start=false&loop=false&delayms=3000,1
https://www.in-peru.travel,0
https://spring-tree-56c0.melu0f9k.workers.dev,1
https://www.mollymutt.com,0
http://www.original-ginjer.com,1
https://xn--looksrre-5za.com/,1
http://www.growupmarketingservices.com,1
https://www.947wls.com,0
https://www.larspenke.eu,0
https://www.homer.com.br,0
https://www.lib.purdue.edu,0
https://www.pronouncekiwi.com,0
https://www.bassmaster.com,0
https://www.dimsumlabs.com,0
https://discgolfchampions.com/jp.php,1
https://arstaoptik.se/ch/de,1
https://www.fooda.com,0
https://www.alexiapurdybooks.com,0
http://www.calzadoyuyin.com,1
http://updatemail-107318.square.site/,1
https://www.abondance.com,0
https://www.sos-redac.com,0
https://domappcheckomeg15.firebaseapp.com/,1
https://www.kuokko.com,0
https://www.aafrc.org,0
https://www.royaldutchmint.com,0
https://www.loginworks.com,0
http://accesso.clienti.sicuro.eshteghalepaydar.ir/app/login.php?&amp;sessionid=9d30164cdeb61a4caaff2d044a3fd599&amp;securessl=true,1
https://www.innov.ru,0
http://www.wizardrozin.com,1
https://is.gd/bnlsicurezzadispositivo,1
https://login.direct.ap1-smtb-jp.top/,1
https://syhvbf-88ht.firebaseapp.com/,1
https://maildinshaakckjnw80.firebaseapp.com/,1
https://www.chezjim.com,0
https://www.howmanyleft.co.uk,0
https://www.immigration.ca,0
http://www.canyonmidwifery.com,1
https://cloudflare-ipfs.com/ipfs/bafybeidddh67ap3oj5ivxmoglanwjmkrm5ixgbmdvjfnqdoxi2w4k4h3am//gen.html,1
https://mynumbercard.point.soumu.jo.rcaa.top,1
http://www.virkunarze.tk/zinqfiledoc/,1
https://www.twenty63.com,0
https://bafybeif5da5uioyg7zqeiciidlid2yp5pkrwmolqm3mtw2qlhwfsr4feu4.ipfs.dweb.link/asb.html,1
https://docs.google.com/forms/d/e/1faipqlscdct8mue2qq3syjr4tnntol30jfdk8vwpco6yjh7dxnq5nyg/viewform?usp=sf_link,1
https://www.mobivisor.com,0
https://www.polishculture-nyc.org,0
https://www.gifu-np.co.jp,0
http://ffgrrt.com/,1
https://www.milanoretailtour.com,0
https://infura-ipfs.io/ipfs/qmxkjmxcdh1oehrru652ez6cfp1utov8vjfuvoxg8fria7/3message.html,1
http://www.balancingelephants.com,1
https://aol-102363.weeblysite.com/,1
http://grizzly-noon-turkey.glitch.me/navyfederal.creditunion.online.html,1
https://fb-restriction-case-c7689.web.app/,1
https://www.magazine.oah.org,0
http://www.kiaradininten.com,1
http://aiqianhai.com/,1
https://www.eapcnet.eu,0
http://www.manhattanluxuryrealestatelistings.com,1
http://www.google-au.ga,1
https://www.cleanriverstrust.co.uk,0
https://sbi-ky8.web.app/,1
https://www.gamblingtimes.com,0
https://www.arthurleej.com,0
https://www.apofraxeis.net,0
https://dev-fijev99order.pantheonsite.io/,1
http://www.anja.nl,1
https://2f3a.reicrut-chat.workers.dev/,1
https://www.esgr.mil,0
https://gsdf.zzfld.cn/,1
https://www.cms.skeeks.com,0
http://www.mes-dents-blanches.com,1
http://mbonoqsyya.duckdns.org,1
http://www.mspl5-02.com,1
https://www.theburningwic.com,0
https://dev-bhdleonconfiguracion.pantheonsite.io/,1
https://www.randomterrain.com,0
https://chckmailabig3.web.app/,1
https://www.picturesfromhistory.com,0
https://onlinequranteaching.com/public/jdjezzalx0wfewnvxgmetoqou226vdur,1
https://lashier.com/post-contracts/project/,1
https://www.statementadvertising.com,0
https://www.nytkis.org,0
https://business-page-appeal-211122.web.app/,1
https://www.criterionchannel.com,0
https://www.gamesblog.it,0
https://www.rivu.dev,0
https://www.grandeorienteitaliano.it,0
https://www.thecoveteacompany.ca,0
https://www.rice.edu,0
https://www.tempe.gov,0
https://selfstorageeluro.mx/error/4/1/9/admin/hjsgfetriolagsf/em.html,1
https://bancobolivariano24online.luisperalta4.repl.co/,1
https://dev-verifyoccidentehn.pantheonsite.io/,1
http://taiwantrack.com/,1
https://www.scc.ca,0
https://www.fiberchoice.com,0
http://www.saisoncard.co.jp.jtij.xyz/,1
https://sparkling-dream-c4c1.g66cwr5v1r.workers.dev/,1
https://www.cobb.msstate.edu,0
https://www.ramonaandruth.com,0
http://www.homeftp.org,1
https://www.abim.org,0
http://portaleareaweb.com/,1
http://www.dovermahealth.org,1
https://www.madisoncres.com,0
https://mynetbank.application.online.stafflodge.com/,1
https://visaaprepaiddprocess2.firebaseapp.com/,1
https://www.terrapower.com,0
https://www.ilgiornale.it,0
https://dev-seguridadenlinea-homeitau-py.pantheonsite.io,1
https://www.lampasas.org,0
https://hiti2p4avd.web.app/,1
https://www.kebeautyshop.com,0
http://www.haber-turk-pand-hemi-destek-paketi-devlet-acikladi.ga,1
https://www.muk-luks.com,0
https://www.cio.de,0
https://www.focusdailynews.com,0
https://www.guidedchoice.com,0
http://usuario-ciudad.com/,1
https://www.ravnoplov.rs,0
https://privat-postbank.com/pages,1
http://www.onvacationbolivia.com,1
http://www.filmmogzivota.rs,1
http://www.exartn.cf,1
http://www.ahsdoctors.com,1
https://www.chandleraz.gov,0
https://www.motorlat.com,0
http://www.guest-access.net,1
http://www.ylg09.com,1
http://www.rifynefusawi.com,1
https://www.yfexp.com,0
https://aol-mail-103630.weeblysite.com/,1
http://www.le-progres.net,1
https://www.nisgazprom.rs,0
https://www.spasandstuff.com,0
http://44ff4c43-3a41-44c9-a200-9cd88c280e10.id.repl.co/,1
https://www.takshyashila.com/sellas/digitalprelogonauthentication/fa3b579cbdaeb99d8cec181bfd1a57b99d8cec181/prelogon/sell.html,1
https://www.wprssaggregator.com,0
https://detectioncenter-case1000555111.firebaseapp.com/,1
https://www.mimosdachris.com.br,0
https://www.boxful.com,0
https://www.sinn-und-form.de,0
http://www.americaoexpeecs.co.jp.rbkpmrz.cn/,1
http://bitly.ws/znyb,1
https://www.allfamilycrests.com,0
https://postfui.com/,1
https://www.csf-desertification.eu,0
https://susiesun16.wixsite.com/attt,1
http://loving-tharp.45-14-165-241.plesk.page/njkynze2odq1ntu0njmsk/,1
https://123223.jimdosite.com/,1
https://www.barcha.net,0
http://www.nstanev.com,1
http://emailuniso.temp.swtest.ru/email.uni-sofia.bg.html,1
https://att-103895.weeblysite.com/,1
https://www.as.miami.edu,0
https://www.jcii-cameramuseum.jp,0
https://maildinshaakckjnw396.firebaseapp.com/,1
http://www.oeubc.buzz,1
https://www.nzila.co.nz,0
https://www.emutalk.net,0
https://www.ulubulu.com,0
https://www.lamar.edu,0
http://descartes-dot-exceldocsverification.uk.r.appspot.com/,1
https://www.advantageccs.org,0
http://asdvcg.ml/ld-s/mybpr/,1
https://www.thegridsystem.org,0
https://a4fb0c19-968b-4b57-adcc-3366ca0a21a8.id.repl.co,1
https://www.ejiltalk.org,0
http://www.doggfxjm.org,1
https://vibrationalhealing.com.au/websit/load.php,1
https://domain-authoristative.almostmy.com,1
http://www.eblaghyen.ga,1
http://www.gutmannl.ga,1
https://regt.eu/,1
http://www.jshosting.win,1
https://mobile-bper-sistema-sicuro.cfolks.pl/application/mobile/public/webapp/digital-login/area-riservata.php,1
https://www.nara.accu.or.jp,0
https://www.madeyourday.co.uk,0
https://www.ivcc.edu,0
http://www.rootca.000space.com,1
https://aol-mail-103118.weeblysite.com/,1
https://www.hyperion-furniture.co.uk,0
http://nabna762gm.temp.swtest.ru/client/login.php,1
http://mail.deliverylifesupport.com/public/f6vnyddel5ldg3zouvuxlbqarhyebvu6,1
https://www.bettyboop.com,0
http://upholdloggi.mystrikingly.com/,1
https://apptuts.bio/detalhamentoluiza?gclid=eaiaiqobchmi5y_wh6qx_qivsrxuar3cuwo4eaayaiaaeglzf_d_bwe,1
https://www.trueffic.co.il,0
https://aol-mail-103805.weeblysite.com/,1
https://www.cabinets-unlimited.com,0
https://www.makita.co.jp,0
https://sti-vnni.web.app/,1
http://www.maldivesolutions.com,1
https://www.davidreidhomes.co.nz,0
https://www.aisne.com,0
https://www.liane.camp,0
https://www.comprarcarnetdeconducir.net,0
https://www.mrpophistory.com,0
http://www.mangoldsengers.com,1
https://www.skiddle.com,0
https://ipfs.io/ipfs/bafkreieyid33qhfv2owznl2e2oqkc3gs5kfyjdooawmmngtd2z7gnvpi4m?filename=link.html,1
https://www.rbht.nhs.uk,0
https://www.mercury-cafe.com,0
http://matamaask.com,1
https://www.apexlearning.com,0
https://www.younganimal.com,0
https://bold-art-564e.u84799i09929.workers.dev/,1
http://www.downtownfamilypharmacy.com,1
https://initialredwoodtitle.retool.com/embedded/public/d6ccf675-6a6f-461a-b24c-4f94a5869bea,1
https://www.hoajonline.com,0
https://www.beuc.eu,0
https://www.traditionaldesignsltd.com,0
https://arubahost.it.sell.20-57-10-180.cprapid.com/it/and/fatturazione-2/index.php?page=,1
http://www.angel2gether.de,1
http://ourtime.address-match.workers.dev/,1
http://www.f0523773.xsph.ru,1
https://www.unilumin.com,0
https://www.le-livre.fr,0
https://www.manhuntdaily.com,0
https://www.crs4.it,0
https://www.difangwenge.org,0
https://www.markclulow.com,0
https://www.hansagarten24.de,0
http://www.interodupodancy.com,1
https://storageapi.fleek.co/e3dd30bb-a121-4492-aaed-440a81a72c07-bucket/verifymail6/index.html,1
http://www.tabchi-arsllan.ml,1
https://maildinshaakckjnw640.web.app/,1
https://www.dnforum.com,0
https://www.earthstation.sh,0
https://www.woodsholegolfclub.com,0
https://www.allisonthackston.com,0
https://www.amontazeri.com,0
https://www.bellabelleshoes.com,0
https://www.solid-run.com,0
http://www.nicecars.com.ar,1
https://www.mellowmonk.com,0
https://www.dermsinica.org,0
https://www.nationalbusinessfurniture.com,0
https://one-secudoc.myportfolio.com/,1
https://identificati-bds.info/,1
https://www.whitgift.co.uk,0
http://www.updailymail.com,1
https://www.planikafires.com,0
https://bafybeidddh67ap3oj5ivxmoglanwjmkrm5ixgbmdvjfnqdoxi2w4k4h3am.ipfs.cf-ipfs.com//gen.html,1
http://www.acquisconsulting.com.hydrogrokit.com,1
https://www.nlcng.org,0
https://login.internet-baking-sg-digiipsb.com/,1
http://www.officeview.com/order/definition,1
https://stonelove7.wixsite.com/my-site,1
https://att-106215.weeblysite.com/,1
http://www.eu.updater.keenetic.pro,1
https://bolivian.fienetenline.repl.co/,1
http://www.sploit.estonine.com,1
https://www.pietrovalente.com,0
https://rackspacexx00005.web.app/,1
https://www.michiganrvandcampgrounds.org,0
http://www.7ccoffee.com,1
https://www.lyricopera.org,0
http://www.bisnescoway.com,1
https://nsu0nc.webwave.dev/,1
https://www.folkdancecamp.org,0
https://www.hawtcelebs.com,0
https://foover.co.za/unionbank.com.ph/,1
https://www.family-action.org.uk,0
http://www.softapp.co.kr,1
https://tight-morning-29f0.tql35vg01086.workers.dev/,1
https://www.crbs.net,0
https://www.fpcomplete.com,0
https://www.revista.unam.mx,0
https://www.rafcommands.com,0
https://www.werecallingshenanigans.com,0
https://www.ninretro.de,0
https://www.france-prep.com,0
https://www.wiap.de,0
https://www.fppc.ca.gov,0
http://www.gantrotermp.com,1
https://www.ekli-nat.ekinrt.dduuwm.top,1
http://www.h113853.s02.test-hf.su,1
https://www.additude.se,0
https://www.eng.ku.ac.th,0
http://www.amazcecm-co-jp.amazaeon.j6021.cn/,1
https://mufg-aq.cam,1
https://www.quickoffthemark.com.au,0
https://www.wellington-school.org.uk,0
https://stampconnecting.com/beon/client/index_pc.php,1
https://www.mvpa.com,0
https://metafb-lb4m37a.firebaseapp.com/,1
http://blue-salad-05d3.rabahebedgua.workers.dev/,1
https://www.meltemmoduler.com,0
http://www.angellogordon.com,1
http://www.saiseen-co-jp.aescnse.orxkxr.top/jp.php,1
https://www.aquafold.com,0
https://www.ratakan.com,0
https://www.steviva.com,0
http://www.americaooxprecs.co.jp.pkgxofu.cn/,1
https://www.scoilcholmcille.com,0
https://www.jewishjericho.org.il,0
http://www.portfos.org,1
http://www.adesri.gq,1
http://cv77224.tw1.ru/credit-agricole/,1
https://prontofilters.com/file/index.php,1
https://www.shadowmountainrecovery.com,0
http://walletsdeepsync.netlify.app/index2.html,1
https://www.hertzfoundation.org,0
https://www.websupport.sk,0
https://www.biodermis.com,0
https://emailsecurity9493.web.app/,1
https://www.agl.com.au,0
http://1636365.com/assets/@vue.503ff477.js/assets/@emotion.069aa8d1.js/assets/assets/assets/@vueuse.7ab573ac.js/,1
https://www.gowaniron.com,0
https://www.cateee.net,0
https://www.cbre.com.au,0
https://pending-10.web.app/,1
http://www.kueronekayacatn-co-jp.kuerocakayacoto.shopsijiu.top/ai/?authenticated=true&amp;openid%2fgp%2fsignin%2fx%26i%3da%26oauth%3dm%26i%3fie%3dutf8%26ref_%3drhf_custrec_signin71a015028e365a80164b750a7d8b0215e89cf2f9,1
https://www.amp.com.au,0
http://mac01.atsnx.com/?i=2,1
https://justlasar.com/,1
https://www.tamplc.com,0
https://maildinshaakckjnw231.firebaseapp.com/,1
http://www.family-clinics.com,1
https://www.greencarreports.com,0
https://capecoralcar.com/,1
https://www.jpautomationinc.com,0
https://www.allsaintschermside.org.au,0
http://www.logsbanks.xyz,1
https://seguridatekonegalicia--glicatoken.repl.co/,1
https://www.dreambiglivetinyco.com,0
http://www.giftsformobile.com,1
https://www.direct3.smbc.co.jp.aib.jsbetou.com/sanjin/client/index.php,1
https://www.kristineklussman.com,0
https://www.electrogarline.com,0
https://hype-aggiornamento.45-88-67-188.cprapid.com/hype-agg/login.php,1
https://www.placenote.com,0
https://www.knowinggarden.org,0
https://www.ruraledu.org,0
https://www.praktijkkij.nl,0
http://mginvestsg.com,1
https://my-business-108638-106267.square.site/,1
https://www.ajga.org,0
https://tbib-inen-ktor-fib-ad.firebaseapp.com/,1
https://b0-outlook-office365-aruba038.firebaseapp.com/,1
http://www.btgdyg.fbcode.co,1
https://www.westafricatourism.com,0
http://bibd60.hyperphp.com/,1
http://www.eventsreg.in,1
https://docs.google.com/forms/d/e/1faipqlsezxizhvg-i28_n8fyddanndnufw9veep4kk934yekxvxdmdw/viewform,1
https://www.karolienlafaut.be,0
https://www.cedillerecords.org,0
https://www.ohiolink.edu,0
https://maildinshaakckjnw270.firebaseapp.com/,1
http://43.156.7.24/servicelogin?passive=1209600&amp;continue=https://accounts.google.com/?&amp;xrealip=107.178.232.255&amp;followup=https://accounts.google.com/?,1
https://www.auto-swiat.pl,0
http://www.dual-it.com,1
https://www.las-ventas.com,0
https://8jf2jkp7g8.kasienkakonla.pl/aiigro/email@example.com,1
https://www.cross-check.com,0
https://www.iit.ac.lk,0
http://www-hlburkeauthor-com.usrfiles.com/html/0e472f_4d9b2a88f72eb4191a8eb158b004ca1f.html,1
https://secure.logins10.online.oltrelinformatica.it/ap/,1
https://www-credcreasantacatapp.blogspot.com/?gclid=eaiaiqobchmizoqu37i9_aiviblich3_awiaeaayasaaegknmfd_bwe,1
https://www.arthurgermano.com,0
http://www.myfanout.com,1
http://www.gg4588.com,1
https://www.cheltenham.gov.uk,0
https://www.twistedcandlecompany.com,0
https://www.brycefastener.com,0
https://www.citigold.com,0
https://pawel.krzelawice.pl/a1legro/email@example.com,1
http://www.ert.eiwagggg.com,1
http://www.chainswaper.com/,1
http://cn84363-wordpress-wbhz3.tw1.ru/credit%20agricole/c157c6e7e193217/region.php?particulier,1
https://www.truwe.sohs.org,0
https://www.bycheryve.com,0
https://www.existentialennui.com,0
https://www.mrsf.mn,0
https://www.samurailawtonok.com,0
https://www.cotswolds.info,0
https://www.tekkerstv.co.uk,0
https://www.fraseryachts.com,0
https://www.feestzaal-geraardsbergen.be,0
http://www.mraudtee.peatus.net,1
https://filex.onedrive0001.workers.dev/,1
https://att-mail-106977.square.site/,1
https://bafybeicasz5l4qfnsqkrepsb6rgu7yd52mbyeswcmq2s3n3gbzzwqjkafm.ipfs.infura-ipfs.io//chameleon.html,1
http://www.saiaoon-co-jp.acseose.tnhwua.top/jp.php,1
https://www.drakkar91.com,0
https://ryyjv.mjcczp.cn,1
https://account-deletion-form-10063481.web.app/,1
http://www.mydetroitlawyer.com/beitzelcorporation_realm.pass&appclient-request-wsignin-authorization_redirect.app/x/,1
https://ipfs.io/ipfs/qmamcxvnrzcsraecqqjks6wmvibrzinszwsdfemyjpjwhc,1
https://www.ephemera-inc.com,0
https://www.remzicakar.com.tr/blue/,1
https://www.showbizportal.net,0
http://www.a0407571.xsph.ru,1
https://www.wise-advanced.com.tw,0
https://www.pbrana.cz,0
https://dhdjeueyy.weebly.com/,1
https://www.rembar.com,0
https://www.stribild.com,0
http://www.037yu.xyz,1
https://cl6-da.firebaseapp.com/,1
http://www.judicialance.com,1
http://www.forexdualsystem.com,1
https://www.thegioidienanh.vn,0
https://www.donuts.ne.jp,0
https://www.celebitchy.com,0
https://www.thedetroitbureau.com,0
https://www.heartfailure.theclinics.com,0
http://pees-panelllr-3.gq/a/,1
https://www.julieleaqueen.com,0
http://www.goldenheartk9s.org,1
https://dev-occidemascotas.pantheonsite.io/confirm.php?regh=ertyuio,1
http://www.amazceom-co-jp.amaczeon.ugsxmq.cn/,1
https://sm5-kgr5.firebaseapp.com/,1
https://www.indianauteur.com,0
https://www.jdjournal.com,0
https://www.burnet.edu.au,0
https://www.testingtime.com,0
https://www.nh-hotels.com,0
http://www.ets-it.net,1
http://www.amazceozm-co-jp.amazzeocn.50220.top/,1
https://www.glasgowlife.org.uk,0
https://www.stashtea.com,0
https://formaloo.net/upw9m,1
https://www.epsomplayhouse.co.uk,0
http://www.files-downloads.com,1
https://aol-108318.weeblysite.com/,1
https://www.peoplepoweredmachines.com,0
https://www.igb-berlin.de,0
https://www.gc.cuny.edu,0
https://www.designerallboards.com.au,0
https://www.milehighhockey.com,0
https://xn-----9kcigaceu3cdkkasdi8b.xn--p1ai/linkedin/bhalinkedin/,1
http://www.f0567866.xsph.ru,1
https://www.hra-news.org,0
https://www.clinimed.co.uk,0
https://www.goodyearaviation.com,0
http://www.neb46afef06c1af1fb8521eee1d20a7471.ws,1
https://www.tourismtoday.com,0
https://www.madinin-art.net,0
https://www.shell.co.uk,0
https://supportgeminillog.godaddysites.com/,1
https://ficosha.fisosa.repl.co,1
http://www.kilu.org,1
https://062c2163-8e63-4cff-92d4-5abc81f2c01c.id.repl.co,1
https://www.momknowsbest.net,0
http://www.ledger-live.com,1
https://federation-postai.firebaseapp.com/,1
https://www.kezmarok.sk,0
https://fakegoodobservation.brianbello.repl.co/index1.html,1
https://www.mag-uk.org,0
https://www.commoncraft.com,0
https://www.americanfield.com,0
http://selvaker.cloudaccess.host/index.html,1
https://www.seis.co.uk,0
https://www.graphicsegg.com,0
http://www.55k365.com,1
https://dev-bnintersopor4gt.pantheonsite.io/,1
https://www.totheater.nl,0
https://www.phablecare.com,0
https://www.joannemaryrawlings.com,0
https://www.sippingandshopping.org,0
https://www.greatermanchester-ca.gov.uk,0
http://www.documentpro.org,1
http://pkugdertgh-109310.square.site/,1
http://u1965047.plsk.regruhosting.ru/70/,1
https://www.beardybird.com,0
https://www.reynoldsgallery.com,0
https://amphil.org/cp/scripts/sbb/portal/,1
https://www.corpus.org,0
http://paypal-support.com.desenvolvedortheosbank.com.br/login.php?cmd=_account-details&amp;session=1f446658322e66c0e3a9b4eb9ce320aa&amp;dispatch=4e7f3593ea22cfc94e723900b6026101593d934b,1
https://www.ryanmaynard.co,0
http://www.windowsupdate.ezua.com,1
https://ramhulas-shopeno1.web.app/,1
https://www.cumuonline.org,0
http://www.ws012.hemnes.win,1
https://www.czdefence.cz,0
https://www.bygonetones.com,0
http://stake-infintyaxie.shop,1
https://www.bjupresshomeschool.com,0
https://www.ladypinknyc.com,0
https://stainedroughscience.jose8888y.repl.co/,1
https://www.unica-network.eu,0
https://www.mrrooter.ca,0
https://fb-business-security-954774321.web.app/,1
https://www.sdsos.gov,0
https://www.expeditors.com,0
https://www.castlerocklounge.com,0
http://www.spoluprehlohovec.online,1
http://www.myroom.cc,1
https://www.catholicmissionleaflets.org,0
https://www.yvonnehofstetter.de,0
http://detoprotoco.pro,1
https://www.nkphts.org,0
https://018894.664165.repl.co/index1.html,1
https://www.eyesopen.com,0
http://www.herzogr.cf,1
http://www.t.tops.video,1
https://www.fsb.org,0
http://www.info.usapappers.com,1
https://www.fallriverlibrary.org,0
https://www.amor-und-kartoffelsack.de,0
http://www.villagesenville.fr,1
https://penguin-aj29-g3bd.9m-816844780.workers.dev/,1
http://www.androidsettings.cf,1
http://www.ftp.itunesmirror.fartit.com,1
https://www.nzffa.org.nz,0
https://www.adrenaline.com.au,0
https://www.fasxty.tk/jp,1
https://ipfs.io/ipfs/qmrgbgojh42mqwvt9mrp3ykwd1k7kaocrmz6bskznhkaw5,1
https://www.ircer.fr,0
https://www.aceee.org,0
https://late-dingos-suffer-209-127-18-151.loca.lt/,1
https://steamcomunnitiy.com/tradoffer/new/?partner=1428652546&token=k85hf5,1
https://www.cantv.com.ve,0
https://ipfs.io/ipfs/qmqf3skb1cwlbkqguvvzvhzxs8rqszq9vymn6fukg9w87e#info@mup.cz,1
https://ipfs.io/ipfs/qmawwepguabibwbqfggyageyjeelchq1pk8crfzdmmwwc3?filename=9l7t.html,1
https://www.halohs.com,0
https://www.ghp.se,0
https://www.madflyessentials.com,0
https://smouv5oel.firebaseapp.com/,1
https://bafybeifiqt43ugayzsplztg7nu3va2krfsqvz3tdkw4kurbkesujamh4jm.ipfs.dweb.link/?filename=ifnde2.html,1
https://ipfs.io/ipfs/qmbyxrdvj85bjtxg8r2wq3tq3jcajyq9qfp5bnnxtctahu,1
https://sbbpk.info/de/home/login-online-banking.html,1
https://www.pristine.com.mx,0
https://www.casinositewiki.com,0
http://www.pey-eblaghq.ml,1
https://www.dsi-keyboards.com,0
https://www.foreign-trade.com,0
https://www.stratolaunch.com,0
http://insigniabybosa.6was9studio.com/wp-content/themes/seotheme/telekom/ios/oauth2/index.php,1
http://www.pockctaaed.co.jp.nynspn.top/ai/registration.php,1
https://cf-ipfs.com/ipfs/qmasjugguvpyqzh4ymn9pcus8aawc1qyvf7bdx7v7wo4ya,1
https://www.britishgt.com,0
https://www.lauriuntamo.fi,0
http://www.initiativepropertiesltd.com,1
http://www.haydaroglugumus.com,1
http://www.web.vpnkerio.com,1
http://www.appsync-api.us-east-1.avsvmcloud.com,1
https://www.aurangabadlive.in,0
https://www.imperfects.co,0
https://misty-moon-a7df.u9eddug.workers.dev/,1
https://www.stadtholz.com,0
https://healthatlums.web.app/,1
https://www.whydomath.org,0
https://saddlebrownfunctionalgraphicslibrary--alexispenalosa.repl.co/,1
https://ms.shopee-test.top/,1
https://www.pymssql.org,0
https://www.url.sudointelligence.com/cekep,1
https://www.oaklandrootssc.com,0
https://docs.google.com/presentation/d/e/2pacx-1vqc8r2h_fqaczz7hcm1m_f64uqn_r2hd1ezesl37o1jec9vdtroevnftaakd6ny0in_squ8o7wn3j7v/pub?start=false&loop=false&delayms=3000,1
https://www.securicam.fr/hesrt/login.php?cmd=submit_log&id=mtg4ndm3mda1oa==mtg4ndm3mda1oa==&session=mtg4ndm3mda1oa==mtg4ndm3mda1oa=,1
https://ic-11f.web.app/,1
https://www.suttercountymuseum.org,0
http://app.35-72-13-210.cprapid.com/ca-italia/pin.php,1
https://xagpark.com/jp,1
https://www.kesh.al,0
http://www.financialchile.com,1
http://my-business-105301-103088.square.site/,1
https://redirectioncjv.firebaseapp.com/,1
https://newattupdate078.wixsite.com/my-site,1
http://www.sea.webmine.pro,1
https://www.law770.com,0
https://www.dublinlearningcity.ie,0
https://ipfs.io/ipfs/qmrdacxkburaubaebbgjtqnkfctbk5lp5tw1eysgxtqf7f,1
https://www.pobox.com,0
https://www.dewereldmorgen.be,0
https://www.giveapint.org,0
http://www.yogamat-turban.com,1
http://www.s02.vidtod.me,1
http://www.bbw918.com,1
https://www.tcl.tk,0
https://www.findurings.com,0
https://www.histadrut.org.il,0
http://www.manvim.co,1
https://www.sociobits.org,0
https://www.for-believers.com,0
https://www.genbeta.com,0
http://www.presto-ferr.com,1
https://service-106870.square.site/,1
https://evri-id-9d580.web.app/,1
https://www.durhamsheriff.com,0
https://www.sanluisobispo.com,0
http://www.baysidecanton.com,1
http://www.saisoen-co-jp.aesconse.urbhth.top/jp.php,1
https://acount.artgallerynikol.com/jp.php,1
https://facebook-help-3003428746303.web.app/,1
https://www.sarawakreport.org,0
https://obabanter8.web.app/,1
https://www.healthcarewaste.org,0
http://143.198.227.120/dak.php,1
http://www.project6a-cc865.web.app,1
http://www.7438.com,1
https://www.innocimda.com,0
https://iphone14-a385b.web.app/,1
https://id468273.icu/xhtmef9,1
https://www.stevespanglerscience.com,0
http://www.snnbc-cand.conn.mem.wcjt.net/,1
https://facebook-help-3003745164251303.firebaseapp.com/,1
https://www.seemorgh.com,0
https://www.ajpes.si,0
https://www.abc-knitting-patterns.com,0
https://www.regiondigital.com,0
http://www.dae23grd.urlvf.fun,1
https://www.denofgeek.com,0
http://www.zenprod.com,1
https://www.adsoftheworld.com,0
http://www.life.welco.live,1
http://www.benzin-ir.com,1
http://www.h18.ru,1
https://www.grischuna.ch,0
http://129.226.210.78/v3/signin/identifier?dsh=s302026117%3a1679410926658471&amp%3bfollowup=https%3a%2f%2faccounts.google.com%2f%3f&amp%3bifkv=awnoghfcwf_x0iyoh0psqo-u5ka4h5idygzxt1_0ikihxb0vet7u7j8kpfml6e44p6e1xzc_psp1pq&amp%3bpassive=1209600&amp%3bxrealip=107.178.231.233&continue=https%3a%2f%2faccounts.google.com%2f%3f&xrealip=107.21.207.171&flowname=weblitesignin&flowentry=servicelogin&ifkv=awnoghfrblhv1nvxjpfphdu4zej3iabpyb8mulldfon2l9xrljh1rpe2y4hq0oomijseueklayrcqa,1
https://www.unitrongroup.com,0
https://www.newstime-mo.com,0
https://www.fenerbahce.org,0
https://www.jumbledonline.com,0
https://www.motionlightlab.com,0
http://www.class.britishonline.co,1
https://dev-sistemaenlineaitau-py.pantheonsite.io/,1
http://www.martinidewinter.com,1
https://www.pinewoodsocial.com,0
http://www.xz.fuzhicheng.com,1
https://www.nativeads.com,0
https://www.surgjournal.com,0
https://www.arrts-arrchives.com,0
http://www.wkfarms.com,1
https://www.alkalmazasmobilra.hu,0
https://www.cityofevanston.org,0
https://www.vetscene.com,0
https://www.logobom.com,0
https://www.research-pmr.com,0
http://www.glx.nl,1
https://www.rentalbooking.co.uk,0
http://www.account-deletion-form-10033819.web.app,1
https://www.christianaudio.com,0
https://www.austrohungaro.com,0
https://www.pintsizefarm.com,0
http://www.mayket-iran.ga,1
http://rascalsnft.web.app,1
https://www.wpsp.org,0
https://www.allaboutblinds.net,0
http://www.xvsc.my.id,1
https://bnz-secure-login.com/,1
https://ipfs.io/ipfs/bafkreih6eovjvsi4ewh7uxjm3xrrsc6f4ru5fs4kkb73qz2n5kmasby43a,1
https://fechavencimientobisacuentavencida.pasosaseguir.repl.co/,1
https://www.qou.edu,0
https://aol-105876.weeblysite.com/,1
http://www.sebastianc.cf,1
https://www.eltejano.org.uy/index1.html,1
https://homgalionlbakys.webcindario.com/,1
https://acdecon.be/nf/nf/tw/netflix/myaccount_sms.php,1
http://www.automobile.x4host.eu,1
https://hsuyb1.web.app/,1
https://www.redmileky.com,0
https://cloudflare-ipfs.com/ipfs/bafybeidndrr2xvdpiqcy5s3c6uw4omiucmypea5xy53pjv6el4iriio5na/dashboard.ionos2023.html,1
http://www.netrec.net,1
https://www.thesoundofindie.com,0
http://www.315puer.com,1
http://www.kavkazcentr.info,1
https://chanage.agrarsemillas.com,1
https://www.interstateustor.com,0
https://www.library.ucsf.edu,0
https://ipfs.io/ipfs/qmpw4wwsqajn7vjkzu8gvritokpp8zjjmqz2n7csqbvomc,1
https://irak-j5zj-h.firebaseapp.com/,1
http://www.chudresex.at,1
https://asdasd--panelfnces.repl.co,1
https://bafybeidrymp4qfj2wnmn5v27dibk42xssyhqr7oe2fadd6mdddmsblgs2e.ipfs.dweb.link/alldomai.html,1
http://www.videopopups.com,1
http://ww1.netflix-com.co/,1
https://www.baraboo.com,0
https://www.unitedconsumers.com,0
https://www.globalgallery.com,0
http://www.rinkuglobalcare.com,1
https://att-mail-106832.square.site/,1
http://www.sana-irplran.gq,1
https://www.christinageorgeauthor.com,0
https://www.theprp.com,0
https://www.globalfundforwomen.org,0
https://www.kenyaembassyberlin.de,0
http://kratiknamdev.github.io/instagram-login-clone/,1
https://obabanter24.firebaseapp.com/,1
http://www.pearlyqueenbeer.com.usrfiles.com/html/0e472f_4d9b2a88f72eb4191a8eb158b004ca1f.html,1
http://www.sdbus.net,1
https://asociacion.panelingreso.repl.co/,1
https://olx.15986653.xyz/njvnssp8/gfcton/8,1
https://www.globalprotectioncluster.org,0
http://www.vt999app.net,1
https://www.uhcprocycling.com,0
http://www.proxy4free.me,1
https://www.ctsnet.edu,0
https://www.vlekkendingen.nl,0
https://eth968.com/#/,1
https://www.carolinekonline.com,0
https://www.pts.org.tw,0
http://www.medicinehattowing.com,1
https://www.quadrosdesign.com.br,0
https://www.creativekhadija.com,0
https://www.judiciary.go.ke,0
http://ww2.etc-meisai.jp.1amazonas.life,1
https://cooaiansbelog.azurewebsites.net/,1
http://www.market.newtrendmicro.com,1
https://www.beyondmedia.it,0
https://meta-restriction-10065813.web.app/,1
https://www.hrnk.org,0
https://www.nexian.co.id,0
https://www.prestophoto.com,0
https://agencenote003.web.app/,1
http://www.websitehostfree.com,1
https://www.toppraffel.se,0
https://www.smart-catalog.com.au,0
http://walletverified.rf.gd,1
https://www.spurfreedom.org,0
http://www.muhosransk.site,1
https://www.mcpss.com,0
https://www.correiosdeangola.ao,0
https://eectn7.webwave.dev/,1
https://www.shsu.edu,0
https://www.camperplaats-skopnboer.nl,0
https://www.divergenttravelers.com,0
https://www.strollon.com.au,0
https://www.nsc-olymp.com,0
https://www.sanclementetimes.com,0
https://bafybeigxaz6osvpwjalv3jz2zckuve7ibojb7z3b4oiw7htbr26dpjf6xu.ipfs.dweb.link/east-office.html,1
http://www.casinogamelifex.blogspot.com.by,1
https://www.silverinstruments.com,0
https://bafybeibtzwk4n6aishsypwnt3w5b7wmqeft7gsptjztz6isbqogvt7l7zm.ipfs.nftstorage.link,1
https://ndelec.fr/gemt/lnkl/ios/oauth2/,1
https://www.seemile.com,0
https://www.visitwester-ross.com,0
https://web3chain.netlify.app/import,1
https://admiring-sutherland.62-4-21-162.plesk.page/ch/27e14a8bc1d103f4f3d9f2ca5a9f684b/,1
https://help-id-fb-56143423.web.app/,1
https://www.thefoxdenchworth.co.uk,0
http://www.freeproxyweb.net,1
https://lucky-paper-f150.adkurfmyt.workers.dev/,1
http://alter-ed.com.ng/wells_fargo/login.php?id=signin27289503f08c5dff3b82338fc,1
https://www.itpathsolutions.com,0
https://www.canadamosaic.tso.ca,0
http://feeh.eu/wp-content/plugins/topxoh/,1
http://3f5c2ba-billing-view-ipmemek.103-37-125-93.cprapid.com/login.php,1
https://www.godswordtowomen.org,0
https://www.nrc.gov,0
http://www.sdxcvxccxcxxc.s3.eu-central-1.amazonaws.com,1
https://www-info-epos.huixialing.com/jp.php,1
http://www.n2967df428c63e19651d2a91c49d82117a.ws,1
https://www.iamresponding.com,0
https://updatenow07.wixsite.com/my-site,1
http://www.consumeralternatives.org,1
https://www.scarpeline.com.br,0
https://jolly-hat-c563.e4um2s70u4.workers.dev/,1
https://www.ide-tech.com,0
https://www.buildingarizonafamilies.com,0
https://aol-109832.weeblysite.com/,1
https://www.blueoxfamilygames.com,0
https://s.id/webappbper,1
http://www.from-co.net,1
https://wandering-firefly-d7c2.rkmvad.workers.dev/,1
https://www.luxburyinn.com,0
https://www.collegesearch.in,0
https://www.file.net,0
http://www.methilinfotech.com,1
https://www-biccamera-com.xdtylc468.com/,1
https://www.irish-genealogy-toolkit.com,0
http://www.ryr.fbcode.co,1
http://www.bluepalm.tech,1
https://www.total-motorsport.com,0
http://fusionapi.dev/,1
http://www.mirror.advancestore.workers.dev,1
http://splusowko.pl/highslide/graphics/outlines/app/loadingtootp.php,1
https://www.mexicolore.co.uk,0
http://www.fdp-stjohann-ost.de,1
http://loocksrare.com,1
https://www.tisserontorthodontics.com,0
http://43.159.37.67/v3/signin/identifier?dsh=s51262775%3a1679335306865753&amp%3bcontinue=https%3a%2f%2faccounts.google.com%2f%3f&amp%3bfollowup=https%3a%2f%2faccounts.google.com%2f%3f&amp%3bxrealip=35.203.245.179&ifkv=awnoghe3sjkhssq45nofxh0ibqu3wogjqgdzrmt1nthcauwa3vnzbr2pphfs3tuwi82nrjykektq9g&passive=1209600&xrealip=34.198.46.118&flowname=weblitesignin&flowentry=servicelogin,1
https://www.klimbercamp.com,0
https://www.worldcoal.org,0
https://www.visitlongbranch.org,0
https://www.emcs.org,0
http://intactsolutions.net/wellsfargo/wellsfargo/,1
https://www.tarletoncorinthians.co.uk,0
http://www.vgv.fburl.fun,1
https://www.strongtowns.org,0
https://www.warner.lib.nh.us,0
https://www.imagesdetunisie.com,0
http://www.speakgrowrise.com/filelist.xml/,1
https://www.bodc.tas.gov.au,0
https://www.cimspa.co.uk,0
https://sbi-7b77h.firebaseapp.com/,1
http://www.rommyarf.com,1
https://www.canadashistory.ca,0
https://sfr-mail1458.weebly.com/,1
https://www.bluerosefoundation.com,0
http://www.aeon.crypto-webminer.com,1
https://www.secured1-chaase.duckdns.org/chase/526b6fc458cced826b38465da3ece2b9/disabled.php?error=,1
https://www.cosmik.com,0
http://www.gghome.org,1
http://virkunare.cf/,1
http://www.h145197.s27.test-hf.su,1
http://www.tookcheckout.com,1
http://www.autobaba.net84.net,1
https://www.literature.org,0
https://www.tms.org,0
https://steamcommunuiiity.ru,1
https://impotsgouvertomoent.tourdeventure.com/impots-gouv/clients/,1
https://www.accidentalartisan.ca,0
https://ipfs.io/ipfs/bafkreihe7lumsu4yioatgwpep6y2luw2jenmrrmmhyuwlj5nwikhmavogy,1
https://bafybeieenxkvvzvh5esoxpru277m5l7ddyvhmqik7j56gdau22up4hybyi.ipfs.w3s.link/vw.html,1
https://www.icsb.edu.bd,0
https://www.or.is,0
http://www.bet988y.com,1
http://www.applelenovo.com,1
https://www.schon.com,0
https://helpid9885723849185962813.com/,1
https://latam-game.vercel.app,1
https://primesenior92db.github.io/,1
https://slatebluepich--hmttsa.repl.co,1
https://www.bsmny.org,0
http://www.xl8.eu,1
https://file-share-from-lisa-open-view.web.app/,1
https://www.ansible.com,0
https://www.nettbk.thebiofuelsite.com/,1
https://www.worldofcoca-cola.com,0
https://www.pga.info,0
https://www.mountolivechurch.org,0
https://www2.etc-malsei.laoshig.shop/,1
https://www.ocean.io,0
https://www.climateinteractive.org,0
https://xvideos1x.ga/sicc-bp-pp/,1
https://www.seasonest.com,0
https://www.m.sibenik.in,0
https://www.monopoly-poker.com,0
https://www.goldsfishandchips.co.uk,0
https://yahoo-108471.weeblysite.com/,1
https://www.eurocockpit.be,0
https://www.perrynoble.com,0
http://www.hg55881.com,1
https://www.cafa.com.cn,0
https://www.moerschwil.ch,0
https://www.sylvieverdi-communication.fr,0
https://www.dronegenuity.com,0
http://www.api083103.camerac.xyz,1
https://attcommunicationskbhxsjsjkshhskjshkbhhhkckmsjnsgdsghd.weebly.com/,1
https://www.materialmoments.org,0
http://www.cadfait.softsolutionbox.net,1
https://ipfs.io/ipfs/bafybeihizr7iompssgkw5bdeix4p7yqrszrcpvafywebsgf2nio5l5ppqm/aspxcho.html,1
https://www.peterowen.com,0
https://maildinshaakckjnw280.web.app/,1
https://www.frontierastro.co.uk,0
https://www.pressball.by,0
http://www.bafybeidgmh562rs3somze3h6h3nilhwrvsciokrs3vzkiqrv4dae6dwwdq.ipfs.dweb.link,1
http://bcrxxsistema.eshost.com.ar/,1
https://www.rbiker.com,0
https://which0x008.web.app/,1
https://ve45rt-0wrj-g9fhw-e9fgj-wer0hbfg-wdjnmf-v08wehf-0hf.obs.ap-southeast-1.myhuaweicloud.com/68ki-0klv4rnyb-093erjkf-049h6yt-09gjr-0g9h-0ggf.html?awsaccesskeyid=sqatbgphsnmsear9jtil&expires=1677009096&signature=ucl0jf/1c6doilr%2bgjhudungyvq%3d,1
https://www.support-apple.ss-c.us,1
https://www.shaheedfoundation.org,0
https://domappcheckomeg21.web.app/,1
http://www.uniqu.fburl.fun,1
https://www.reymisterios.com,0
https://www.cuanschutz.edu,0
https://www.cnam.fr,0
http://www.deitf51.top,1
https://www.tlt.ee,0
http://www.log.estonine.com,1
